first_name,last_name,email,gender,status,number,id
Valerie,Loges,vloges0@slate.com,Female,Often,941-307-2500,860152572-5
Amerigo,Cockshutt,acockshutt1@blog.com,Male,Once,231-928-1207,087182261-X
Boot,Maykin,bmaykin2@1und1.de,Male,Daily,698-850-0924,120066564-3
Wenonah,Arpe,warpe3@purevolume.com,Female,Monthly,510-887-9011,748403535-1
Paton,Klaas,pklaas4@i2i.jp,Male,Daily,530-709-7294,965893956-2
Courtney,Baxstar,cbaxstar5@timesonline.co.uk,Female,Weekly,155-233-4775,848897094-3
Josi,Bynert,jbynert6@slate.com,Female,Monthly,347-223-6880,818349651-2
Jammie,Culbert,jculbert7@github.io,Female,Daily,571-525-1251,752490396-0
Stanley,Manifold,smanifold8@fotki.com,Male,Monthly,489-191-1421,811669410-3
Caldwell,Ivimy,civimy9@archive.org,Male,Daily,938-952-9591,092913666-7
Joanne,Hartas,jhartasa@booking.com,Female,Never,487-376-7968,721859447-6
Melissa,Jacson,mjacsonb@liveinternet.ru,Female,Weekly,314-875-3829,593264794-9
Des,Devonald,ddevonaldc@abc.net.au,Male,Weekly,519-970-2635,439301895-8
Hedwig,Longfoot,hlongfootd@issuu.com,Female,Often,942-972-1235,008754130-0
Jessa,Probbings,jprobbingse@yelp.com,Female,Weekly,804-437-2622,267028862-6
Lari,Troughton,ltroughtonf@mysql.com,Female,Daily,893-129-4821,071594648-X
Mattheus,Habbal,mhabbalg@census.gov,Male,Weekly,314-397-8781,978144787-7
Angel,Smallwood,asmallwoodh@eventbrite.com,Male,Once,398-936-3411,327705612-0
Wallis,Castle,wcastlei@mail.ru,Female,Once,369-775-4470,084214606-7
Hester,Logg,hloggj@wp.com,Female,Yearly,169-462-6366,259291248-7
Gaspard,Codd,gcoddk@shop-pro.jp,Male,Never,814-965-6107,290685463-8
Claretta,McCarl,cmccarll@epa.gov,Female,Monthly,901-191-5515,200373234-9
Beverie,Notton,bnottonm@discovery.com,Female,Daily,151-285-7997,520719072-5
Ericka,Munsey,emunseyn@wikipedia.org,Female,Monthly,390-269-4225,864531881-4
Katrina,Curman,kcurmano@reddit.com,Female,Weekly,116-764-8675,174715157-2
Tessie,Townley,ttownleyp@tripod.com,Female,Often,118-444-2546,251146089-0
Lotty,Beausang,lbeausangq@washingtonpost.com,Female,Daily,809-526-6481,412216972-0
Rachael,Rossborough,rrossboroughr@dmoz.org,Female,Never,211-644-8645,062012980-8
Melisse,Harral,mharrals@histats.com,Female,Weekly,226-328-1616,321538688-7
Sigismund,Dowers,sdowerst@flickr.com,Male,Weekly,663-880-5462,408421802-2
Gale,Whales,gwhalesu@sogou.com,Female,Seldom,443-566-6902,632387060-6
Aurea,Timmens,atimmensv@salon.com,Female,Yearly,758-357-0542,308353871-5
Drucie,Dreng,ddrengw@sfgate.com,Female,Daily,335-406-3300,916204902-X
Kaleb,Joddens,kjoddensx@yelp.com,Male,Monthly,608-934-4930,196830295-6
Tawsha,Tersay,ttersayy@unc.edu,Female,Never,775-737-7404,717266259-8
Katy,Stuchberry,kstuchberryz@opera.com,Female,Daily,328-974-6132,574563327-1
Gorden,Lowdeane,glowdeane10@creativecommons.org,Male,Daily,276-332-8677,296100583-3
Harmony,Creane,hcreane11@weebly.com,Female,Daily,842-356-5984,630617995-X
Gav,Treversh,gtreversh12@time.com,Male,Once,698-727-0819,987043613-7
Celina,Creeber,ccreeber13@elegantthemes.com,Female,Weekly,313-508-9869,100280137-0
Vivianna,Rosencwaig,vrosencwaig14@blogger.com,Female,Yearly,844-132-1209,155644607-1
Matthieu,Wanell,mwanell15@archive.org,Male,Often,857-811-7023,966432709-3
Eden,Greeson,egreeson16@ca.gov,Female,Monthly,324-331-8256,971112826-8
Laurella,Cornewall,lcornewall17@mail.ru,Female,Daily,722-733-8447,483451776-4
Stefano,Gerding,sgerding18@kickstarter.com,Male,Seldom,951-444-1167,201494479-2
Anne-marie,Speeks,aspeeks19@sina.com.cn,Female,Once,784-671-7670,327667874-8
Renaud,McFayden,rmcfayden1a@icio.us,Male,Monthly,599-226-3694,641066799-X
Field,Lucio,flucio1b@homestead.com,Male,Never,657-928-1266,193325250-2
Gordie,Cowper,gcowper1c@cmu.edu,Male,Seldom,769-886-1798,861874038-1
Archie,Schlagman,aschlagman1d@etsy.com,Male,Never,950-352-0043,453091844-0
Eugen,Nudd,enudd1e@godaddy.com,Male,Once,270-468-3286,318908575-7
Hagen,Rozycki,hrozycki1f@mit.edu,Male,Never,875-793-2096,455450578-2
Donetta,Lared,dlared1g@gravatar.com,Female,Seldom,404-859-1997,976312904-4
Nichols,Shirtliff,nshirtliff1h@devhub.com,Male,Daily,470-930-6457,002775304-2
Sandy,Croom,scroom1i@skyrock.com,Female,Seldom,839-685-3196,512599584-3
Arliene,Crosson,acrosson1j@networkadvertising.org,Female,Often,796-535-3585,669846216-0
Del,Walley,dwalley1k@blinklist.com,Male,Daily,841-734-1429,194294052-1
Goldie,Ivashnikov,givashnikov1l@tinypic.com,Female,Seldom,250-831-6778,458057255-6
Jacinthe,Addington,jaddington1m@discuz.net,Female,Yearly,791-553-1218,387266253-8
Reginauld,Alexsandrovich,ralexsandrovich1n@ebay.com,Male,Often,235-844-5496,787112362-9
Mathilde,Cornu,mcornu1o@yandex.ru,Female,Never,865-633-0835,832775268-5
Archer,Buesden,abuesden1p@naver.com,Male,Seldom,919-375-7127,483509350-X
Amelia,Croose,acroose1q@cnet.com,Female,Often,529-616-7421,583576426-X
Tome,Cerman,tcerman1r@blogs.com,Male,Weekly,775-697-5676,070491569-3
Griz,de Vaen,gdevaen1s@ucoz.ru,Male,Monthly,649-169-0900,597058877-6
Cherlyn,Dalgarnowch,cdalgarnowch1t@sciencedirect.com,Female,Monthly,541-177-8532,914693290-9
Minda,Gair,mgair1u@rakuten.co.jp,Female,Weekly,420-850-8443,677521386-7
Gunther,Talmadge,gtalmadge1v@odnoklassniki.ru,Male,Seldom,316-925-4300,661845227-9
Kerwin,Bernardelli,kbernardelli1w@wikispaces.com,Male,Seldom,248-321-0665,713539245-0
Eartha,Knowlton,eknowlton1x@cpanel.net,Female,Once,298-558-6094,166536942-6
Fern,Sheather,fsheather1y@plala.or.jp,Female,Daily,866-486-2771,999912975-7
Noella,Hebborn,nhebborn1z@apple.com,Female,Daily,963-875-4379,271479303-7
Gwenette,Dunstan,gdunstan20@geocities.jp,Female,Yearly,985-599-3338,965925977-8
Milty,MacKnight,mmacknight21@paginegialle.it,Male,Monthly,548-199-3689,548649142-5
Marnie,Jayume,mjayume22@latimes.com,Female,Weekly,806-206-8799,116569367-4
Idelle,Stones,istones23@hugedomains.com,Female,Monthly,795-993-8887,683994135-3
Karia,Bisson,kbisson24@geocities.com,Female,Never,845-634-2315,867524608-0
Farlee,Bruyns,fbruyns25@pinterest.com,Male,Yearly,239-553-7195,091058764-7
Nita,Edmed,nedmed26@archive.org,Female,Once,434-155-6645,004372065-X
Maynard,Ida,mida27@diigo.com,Male,Monthly,306-331-0507,478149301-7
Burnard,Coldtart,bcoldtart28@boston.com,Male,Often,260-291-0475,909597106-6
Pandora,Gillebride,pgillebride29@squarespace.com,Female,Often,680-406-4076,478285344-0
Prue,Wreakes,pwreakes2a@zdnet.com,Female,Weekly,465-546-5297,700573020-8
Korey,Mitkin,kmitkin2b@livejournal.com,Male,Once,513-162-2417,581895476-5
Dorelle,Deveral,ddeveral2c@tamu.edu,Female,Daily,802-586-0892,727393699-5
Verney,Dukesbury,vdukesbury2d@wikipedia.org,Male,Seldom,685-691-3655,484134064-5
Grier,Moulster,gmoulster2e@howstuffworks.com,Female,Never,505-529-1946,366016411-9
Gerda,McReidy,gmcreidy2f@xing.com,Female,Often,856-241-6731,473446290-9
Purcell,Skains,pskains2g@netscape.com,Male,Often,921-638-4594,542846627-8
Almira,Portlock,aportlock2h@i2i.jp,Female,Once,862-351-6445,983284327-8
Seward,Winear,swinear2i@biglobe.ne.jp,Male,Weekly,404-300-9500,903637652-1
Sol,Orlton,sorlton2j@skyrock.com,Male,Daily,821-903-4008,240138191-0
Elka,Stanbridge,estanbridge2k@statcounter.com,Female,Seldom,164-337-6827,796241202-X
Carole,Kirkby,ckirkby2l@wired.com,Female,Seldom,875-557-5140,838861367-7
Chet,Topping,ctopping2m@aol.com,Male,Once,619-773-2857,892543113-0
Alvira,Bedwell,abedwell2n@mail.ru,Female,Monthly,917-682-2817,128072601-6
Frannie,Speke,fspeke2o@tamu.edu,Female,Once,288-174-5055,189819038-0
Berny,Kinnane,bkinnane2p@joomla.org,Male,Yearly,202-268-5999,196961736-5
Wernher,Conway,wconway2q@salon.com,Male,Never,142-535-3377,242309421-3
Melisa,Osboldstone,mosboldstone2r@mapquest.com,Female,Never,412-788-8891,562298439-4
Freeman,Boffey,fboffey2s@artisteer.com,Male,Daily,484-224-7857,517718088-3
De witt,Gretton,dgretton2t@apache.org,Male,Weekly,500-358-1930,896210060-6
Mandy,Maulkin,mmaulkin2u@sourceforge.net,Female,Yearly,173-566-9106,544942015-3
Ruthy,Merrgan,rmerrgan2v@statcounter.com,Female,Once,764-583-0529,634107808-0
Nelli,Steketee,nsteketee2w@imageshack.us,Female,Never,953-452-1062,003876137-8
Dagmar,Motion,dmotion2x@google.co.uk,Female,Weekly,677-408-5744,083512726-5
Ivan,Munsey,imunsey2y@qq.com,Male,Daily,283-807-7988,041231898-9
Rafael,Branton,rbranton2z@bizjournals.com,Male,Weekly,704-955-5026,075880675-2
Cherida,Giacomini,cgiacomini30@twitter.com,Female,Never,355-998-5603,436502715-8
Darryl,Kochel,dkochel31@oakley.com,Female,Never,189-405-8289,039482863-1
Krystal,Teresse,kteresse32@hatena.ne.jp,Female,Weekly,685-584-5213,330737358-7
Dorolisa,Nickols,dnickols33@rediff.com,Female,Seldom,531-304-7596,353671026-3
Donaugh,Yukhnin,dyukhnin34@squarespace.com,Male,Never,871-364-6500,763479842-8
Normand,Mattevi,nmattevi35@dmoz.org,Male,Never,847-639-3095,056955682-1
Tully,Grigore,tgrigore36@rediff.com,Male,Once,442-850-5006,645552947-2
Catina,Eynon,ceynon37@wordpress.org,Female,Weekly,935-345-6447,309766443-2
Berny,Bezarra,bbezarra38@google.com.au,Male,Once,894-297-3042,570683892-5
Rodrique,Dell Casa,rdellcasa39@posterous.com,Male,Once,594-198-9722,947952734-0
Shurlocke,Copley,scopley3a@printfriendly.com,Male,Monthly,996-859-5921,729191528-7
Melli,Edgeson,medgeson3b@shop-pro.jp,Female,Weekly,835-650-0884,824984924-8
Nicolas,Oehme,noehme3c@admin.ch,Male,Never,923-971-8112,144377917-2
Jerrold,Gratrix,jgratrix3d@google.com,Male,Daily,859-591-3988,617537031-7
Charlean,Humphrey,chumphrey3e@uiuc.edu,Female,Daily,452-302-6820,407455223-X
Marget,Ramirez,mramirez3f@youku.com,Female,Yearly,639-999-3750,330513704-5
Tobias,Sinnett,tsinnett3g@bloglovin.com,Male,Seldom,365-233-4217,319097351-2
Jere,Imason,jimason3h@smh.com.au,Male,Monthly,778-869-6738,133802857-X
Rosemary,Crole,rcrole3i@pagesperso-orange.fr,Female,Weekly,602-219-9034,033328987-0
Melissa,Aiskrigg,maiskrigg3j@rediff.com,Female,Monthly,955-171-7372,286584717-9
Karlyn,Shurville,kshurville3k@tuttocitta.it,Female,Seldom,570-638-6279,799290207-6
Matilda,Sherwyn,msherwyn3l@wikia.com,Female,Weekly,401-832-3590,487915163-7
Debor,McGirl,dmcgirl3m@newsvine.com,Female,Seldom,925-734-0408,120602532-8
Farris,Darracott,fdarracott3n@nsw.gov.au,Male,Yearly,580-678-7657,991417695-X
Paola,Clyburn,pclyburn3o@goo.ne.jp,Female,Seldom,458-858-0278,656141603-1
Modesty,Millson,mmillson3p@netvibes.com,Female,Daily,877-809-4058,108505984-7
Robina,Woodhall,rwoodhall3q@oaic.gov.au,Female,Yearly,305-945-5827,966817238-8
Leesa,Prescott,lprescott3r@issuu.com,Female,Daily,812-726-8522,123003455-2
Moselle,McClymont,mmcclymont3s@wix.com,Female,Weekly,243-766-2579,649274022-X
Evangelina,Carmichael,ecarmichael3t@timesonline.co.uk,Female,Seldom,490-810-6298,537030849-7
Benny,Romaint,bromaint3u@nationalgeographic.com,Female,Often,552-892-5941,100840775-5
Cordey,Ivashinnikov,civashinnikov3v@deviantart.com,Female,Monthly,253-472-8349,882177075-3
Lefty,Mathison,lmathison3w@instagram.com,Male,Once,689-874-1989,984031920-5
Aubert,Kubecka,akubecka3x@marketwatch.com,Male,Never,690-812-7487,774541284-6
Myca,Dade,mdade3y@adobe.com,Male,Weekly,507-827-6455,572859018-7
Lorilee,Aleksidze,laleksidze3z@redcross.org,Female,Once,406-107-6712,892272922-8
Chelsey,Grieg,cgrieg40@whitehouse.gov,Female,Weekly,147-247-5972,350671358-2
Antonio,Eschalette,aeschalette41@wsj.com,Male,Seldom,310-272-9314,410479329-9
Odo,Linstead,olinstead42@mail.ru,Male,Seldom,636-594-2830,714718481-5
Rex,Axe,raxe43@indiegogo.com,Male,Weekly,227-430-8903,701914675-9
Constantine,Bendell,cbendell44@alibaba.com,Male,Seldom,549-204-8397,266216254-6
Denice,Skally,dskally45@cdbaby.com,Female,Daily,949-970-0743,919980292-9
Mirabella,O' Bee,mobee46@bloglovin.com,Female,Weekly,496-996-5837,414721963-2
Aurelie,Millins,amillins47@lycos.com,Female,Never,446-346-6299,042998292-5
Wyn,Nussgen,wnussgen48@sourceforge.net,Male,Seldom,964-286-2216,636793341-7
Kippie,Dooman,kdooman49@lycos.com,Female,Once,251-805-3342,988888557-X
Bryan,Danshin,bdanshin4a@ehow.com,Male,Daily,270-244-2553,247765607-4
Dorry,Gossage,dgossage4b@ucoz.ru,Female,Monthly,804-813-6495,339975428-0
Isidoro,Woodham,iwoodham4c@posterous.com,Male,Weekly,263-852-4301,060193121-1
Ange,Jahn,ajahn4d@nba.com,Male,Often,754-805-1408,652405469-5
Rockie,Hasty,rhasty4e@patch.com,Male,Monthly,898-123-6417,036837721-0
Vale,Shearer,vshearer4f@dmoz.org,Female,Yearly,655-396-9480,963548545-X
Westley,Parmley,wparmley4g@amazon.co.jp,Male,Seldom,832-266-6960,636179451-2
Sidonnie,Bernard,sbernard4h@seattletimes.com,Female,Once,259-607-7894,775548585-4
Lizabeth,Adao,ladao4i@state.gov,Female,Yearly,538-181-1195,870957977-X
Merwyn,Hoodspeth,mhoodspeth4j@timesonline.co.uk,Male,Once,870-131-5644,905060976-7
Clemence,Braams,cbraams4k@irs.gov,Female,Never,636-292-2725,991427510-9
Elysee,Miko,emiko4l@youku.com,Female,Daily,564-801-6575,596913942-4
Pennie,Wedon,pwedon4m@163.com,Male,Never,834-383-3354,679641752-6
Clemente,Vest,cvest4n@hubpages.com,Male,Often,963-710-3687,381304387-8
Neile,Andrew,nandrew4o@webs.com,Female,Never,928-426-8857,541437634-4
Mariele,Kefford,mkefford4p@google.de,Female,Daily,795-202-1985,043438933-1
Anitra,Bourley,abourley4q@edublogs.org,Female,Often,107-764-7412,436266599-4
Lisette,Balbeck,lbalbeck4r@t-online.de,Female,Daily,843-917-0111,510157947-5
Raddy,Dowsey,rdowsey4s@dedecms.com,Male,Once,642-994-2848,361397218-2
Gordan,Olin,golin4t@unc.edu,Male,Never,233-913-4831,975444527-3
Vyky,Dunbavin,vdunbavin4u@va.gov,Female,Never,574-829-3902,190755841-1
Babita,Knottley,bknottley4v@skyrock.com,Female,Never,639-769-8667,709940586-1
Lela,Saby,lsaby4w@histats.com,Female,Weekly,275-126-5321,466568873-7
Stern,Olligan,solligan4x@marketwatch.com,Male,Monthly,912-875-8997,542839586-9
Ada,Goldhawk,agoldhawk4y@blinklist.com,Female,Yearly,268-957-1466,161118960-8
Sunny,Sharma,ssharma4z@ezinearticles.com,Female,Monthly,355-669-1299,969180647-9
Lauritz,Layburn,llayburn50@upenn.edu,Male,Monthly,454-394-4621,872015181-0
Edwin,Sharrard,esharrard51@istockphoto.com,Male,Daily,525-429-6551,788749562-8
Audi,Baukham,abaukham52@loc.gov,Female,Once,829-613-7951,571403867-3
Uriel,Doulden,udoulden53@constantcontact.com,Male,Monthly,810-985-2350,759924353-4
Zeb,Chansonnau,zchansonnau54@behance.net,Male,Weekly,739-589-6771,245448549-4
Stephana,Joselevitch,sjoselevitch55@yahoo.co.jp,Female,Once,952-634-8229,952903374-5
Remington,Edie,redie56@msu.edu,Male,Once,503-392-8974,237828356-3
Rayna,Qusklay,rqusklay57@independent.co.uk,Female,Seldom,855-341-2487,859375912-2
Wyndham,Goulbourne,wgoulbourne58@dion.ne.jp,Male,Once,873-924-9141,405648585-2
Jaimie,Papps,jpapps59@shutterfly.com,Female,Often,251-218-4671,752896062-4
Gill,Mungan,gmungan5a@google.co.uk,Female,Never,827-538-7592,793494214-1
Calvin,Bartram,cbartram5b@webmd.com,Male,Weekly,707-716-0706,669139766-5
Hervey,Jenkinson,hjenkinson5c@ca.gov,Male,Daily,924-771-2268,791766647-6
Jackie,Sinnat,jsinnat5d@shop-pro.jp,Male,Monthly,908-972-8456,867251208-1
Ferris,Sygroves,fsygroves5e@wiley.com,Male,Monthly,517-398-6379,966174525-0
Margeaux,Vasyaev,mvasyaev5f@thetimes.co.uk,Female,Daily,938-327-2186,377751311-3
Brett,Shirrell,bshirrell5g@wunderground.com,Male,Monthly,541-644-4330,548476878-0
Sybil,Crannell,scrannell5h@eepurl.com,Female,Seldom,577-655-0412,615287785-7
Noami,Dulwitch,ndulwitch5i@youku.com,Female,Yearly,593-398-1731,324256602-5
Jareb,Cadogan,jcadogan5j@google.fr,Male,Never,245-960-2480,720166701-7
Angelle,Biaggetti,abiaggetti5k@etsy.com,Female,Never,634-713-7719,506518620-0
Gib,Fareweather,gfareweather5l@google.co.uk,Male,Often,354-850-1579,389775996-9
Caryl,Redparth,credparth5m@economist.com,Male,Often,664-108-6323,899308473-4
Gayleen,Paireman,gpaireman5n@github.com,Female,Never,332-525-3972,756414067-4
Nicki,Batty,nbatty5o@utexas.edu,Female,Often,428-617-0793,908590238-X
Jasper,Jindrak,jjindrak5p@g.co,Male,Never,351-908-8859,948698575-8
Leicester,Dunston,ldunston5q@theatlantic.com,Male,Once,147-472-6469,497941092-8
Muhammad,Renzo,mrenzo5r@globo.com,Male,Once,944-374-3571,702409510-5
Eddy,Booi,ebooi5s@howstuffworks.com,Male,Weekly,410-546-8281,099619894-6
Tedman,Bruggeman,tbruggeman5t@prweb.com,Male,Weekly,766-342-1643,444616352-3
Bernadene,Damiral,bdamiral5u@facebook.com,Female,Often,560-375-1131,884405322-5
Kiersten,Derkes,kderkes5v@forbes.com,Female,Daily,812-537-9391,035281079-3
Desiri,Leser,dleser5w@go.com,Female,Seldom,558-278-5164,004294699-9
Stillman,Woonton,swoonton5x@studiopress.com,Male,Yearly,671-758-4881,441165096-7
Abrahan,McRannell,amcrannell5y@shinystat.com,Male,Yearly,263-276-0783,797773185-1
Sayre,Ganders,sganders5z@youku.com,Female,Seldom,663-699-7311,298376016-2
Jennee,Haggleton,jhaggleton60@blogtalkradio.com,Female,Daily,541-213-6108,437506474-9
Jareb,Frankton,jfrankton61@cbslocal.com,Male,Seldom,203-482-0641,668876046-0
Dimitri,Lurner,dlurner62@google.com.au,Male,Seldom,915-902-0268,485936718-9
Janaya,Walliker,jwalliker63@chicagotribune.com,Female,Monthly,198-426-3388,027386953-1
Emmery,Senechault,esenechault64@cnbc.com,Male,Yearly,328-704-8796,625462227-0
Raquel,Godbald,rgodbald65@yandex.ru,Female,Yearly,566-320-6706,810365494-9
Tuckie,Ambrogioli,tambrogioli66@amazon.com,Male,Yearly,462-512-2244,092194164-1
Selinda,Haxley,shaxley67@geocities.com,Female,Seldom,236-824-5034,025924420-1
Jon,Miliffe,jmiliffe68@ezinearticles.com,Male,Monthly,259-437-9978,900732538-8
Arlan,Springer,aspringer69@typepad.com,Male,Daily,720-102-7257,503278050-2
Dunn,Karpmann,dkarpmann6a@cpanel.net,Male,Yearly,770-490-5851,623999688-2
Candida,Outhwaite,couthwaite6b@macromedia.com,Female,Never,609-598-9154,788036145-6
Karlotta,Eagan,keagan6c@delicious.com,Female,Monthly,720-390-6769,480164811-8
Linet,Heild,lheild6d@yahoo.com,Female,Yearly,363-764-0001,569413036-7
Joshia,Ogg,jogg6e@blinklist.com,Male,Once,344-614-1370,857229248-9
Lenard,Brownsall,lbrownsall6f@wikispaces.com,Male,Weekly,237-734-3606,201918891-0
Becca,Pfiffer,bpfiffer6g@globo.com,Female,Daily,433-793-1882,996751348-9
Kassie,Tomaszewski,ktomaszewski6h@imdb.com,Female,Often,150-545-1919,861534349-7
Margette,Petrie,mpetrie6i@yelp.com,Female,Often,977-251-9847,321616496-9
Monro,Hawkey,mhawkey6j@histats.com,Male,Seldom,110-720-1030,915874359-6
Maure,Ling,mling6k@newsvine.com,Female,Daily,328-649-9890,731629893-6
Bertha,Glazebrook,bglazebrook6l@google.com,Female,Seldom,659-309-8316,042666117-6
Sandye,Lattey,slattey6m@cnet.com,Female,Never,413-547-3134,020373976-0
Janel,Evenden,jevenden6n@cnet.com,Female,Weekly,753-626-0374,183480174-5
Madelena,Billingsly,mbillingsly6o@marriott.com,Female,Seldom,459-219-5558,593047307-2
Hughie,Brokenshaw,hbrokenshaw6p@who.int,Male,Once,491-298-3189,694885033-2
Tyne,Bourgourd,tbourgourd6q@usa.gov,Female,Monthly,949-813-0680,214587821-1
Allyn,Oxbrow,aoxbrow6r@list-manage.com,Male,Weekly,209-295-8178,806945753-8
Elle,Eacle,eeacle6s@elpais.com,Female,Once,783-126-4372,990889697-0
Kerwin,Maiden,kmaiden6t@bing.com,Male,Weekly,212-110-7020,249653060-9
Eugenia,Stathers,estathers6u@123-reg.co.uk,Female,Seldom,921-483-8514,881663455-3
Ruthanne,Center,rcenter6v@twitpic.com,Female,Never,470-778-5577,624526400-6
Margaretha,Egalton,megalton6w@wix.com,Female,Seldom,203-272-2625,712042113-1
Leodora,McKeaveney,lmckeaveney6x@google.co.jp,Female,Monthly,191-128-4800,240740365-7
Arlana,Birdwhistell,abirdwhistell6y@virginia.edu,Female,Yearly,660-787-5818,637863398-3
Alistair,Ogle,aogle6z@furl.net,Male,Once,620-684-3471,702649155-5
Kellina,Kermannes,kkermannes70@slashdot.org,Female,Once,325-322-7006,646185184-4
Chelsy,Colquete,ccolquete71@ameblo.jp,Female,Weekly,700-381-6199,646407311-7
Witty,Dingwall,wdingwall72@plala.or.jp,Male,Once,876-184-6013,404162744-3
Caterina,Fromant,cfromant73@twitpic.com,Female,Monthly,163-672-1029,557085763-X
Gaspar,McGeachie,gmcgeachie74@wsj.com,Male,Never,869-487-5333,620002237-2
Lorain,Trevino,ltrevino75@youku.com,Female,Often,355-413-8569,253915203-1
Lori,Dollin,ldollin76@xing.com,Female,Never,182-690-9049,254869354-6
Kelsi,Pieche,kpieche77@rambler.ru,Female,Never,834-171-8560,566899714-6
Kath,Bruckental,kbruckental78@technorati.com,Female,Yearly,440-682-6993,306590303-2
Jacky,Gaylord,jgaylord79@va.gov,Male,Seldom,834-487-6036,166102095-X
Diarmid,Mithon,dmithon7a@wordpress.com,Male,Yearly,602-391-3816,745198698-5
Lynn,Flarity,lflarity7b@ucoz.ru,Male,Seldom,698-750-8168,730942965-6
Niles,Gingold,ngingold7c@yale.edu,Male,Daily,497-853-7240,601947178-0
Filberte,Clewlow,fclewlow7d@ox.ac.uk,Male,Weekly,131-343-0600,918572558-7
Helsa,Bearne,hbearne7e@sbwire.com,Female,Monthly,279-513-1502,209977651-2
Vincenty,Esland,vesland7f@businessinsider.com,Male,Once,217-789-1859,146634054-1
Emmie,Dryden,edryden7g@homestead.com,Female,Monthly,428-145-6930,556456617-3
Gannon,Birts,gbirts7h@fema.gov,Male,Monthly,371-640-9666,033603915-8
Deina,Rosnau,drosnau7i@meetup.com,Female,Yearly,527-819-8779,182801348-X
Boot,Schild,bschild7j@qq.com,Male,Often,812-113-4942,252144655-6
Holt,Scafe,hscafe7k@icio.us,Male,Seldom,151-548-6047,469784816-0
Fiann,Dollman,fdollman7l@google.pl,Female,Monthly,648-408-4644,716759184-X
Claire,Lindsey,clindsey7m@usatoday.com,Female,Monthly,561-386-9433,101494671-9
Gusta,Vassman,gvassman7n@examiner.com,Female,Once,160-886-0804,988908474-0
Ashton,Aleksashin,aaleksashin7o@bloglovin.com,Male,Often,573-980-3894,975831337-1
Norri,Borrel,nborrel7p@youtube.com,Female,Yearly,789-432-5319,174226237-6
Bunny,Arnall,barnall7q@mediafire.com,Female,Seldom,826-337-1085,354256092-8
Katalin,Rash,krash7r@tamu.edu,Female,Monthly,272-204-0869,025258914-9
Misty,Hailes,mhailes7s@ovh.net,Female,Often,895-226-5499,546669494-0
Lawton,Torre,ltorre7t@engadget.com,Male,Monthly,611-825-3112,165935968-6
Kally,Birdwhistle,kbirdwhistle7u@surveymonkey.com,Female,Never,812-439-1605,867730328-6
Grethel,Offener,goffener7v@blog.com,Female,Monthly,366-918-4167,537822186-2
Mariann,D'Ugo,mdugo7w@goodreads.com,Female,Weekly,130-165-9104,485696165-9
Isadore,Brierley,ibrierley7x@hibu.com,Male,Often,632-904-1627,811618191-2
Arlee,Rozsa,arozsa7y@theatlantic.com,Female,Monthly,138-878-5083,399863926-8
Orren,Murty,omurty7z@mozilla.org,Male,Monthly,472-240-2050,170355621-6
Clayborne,Giacobilio,cgiacobilio80@g.co,Male,Monthly,568-497-9829,829791015-6
Johannah,Chessor,jchessor81@sitemeter.com,Female,Often,817-479-5494,577071500-6
Kristos,Langran,klangran82@toplist.cz,Male,Once,138-192-3096,592573506-4
Scott,Hubbold,shubbold83@histats.com,Male,Weekly,221-696-7285,987703144-2
Conan,Scolland,cscolland84@bravesites.com,Male,Seldom,770-891-2189,233648090-5
Nessy,Gremane,ngremane85@squidoo.com,Female,Once,608-290-1184,061753893-X
Harlie,Westhofer,hwesthofer86@dion.ne.jp,Female,Weekly,708-865-3003,276227835-X
Katy,Carvil,kcarvil87@eventbrite.com,Female,Weekly,141-993-3626,800634276-8
Sheff,Aime,saime88@hostgator.com,Male,Seldom,699-162-8874,185251551-1
Freddi,Phelan,fphelan89@bizjournals.com,Female,Never,694-537-4795,786137253-7
Lacee,Kissell,lkissell8a@example.com,Female,Weekly,767-209-4403,903367222-7
Concordia,Lambersen,clambersen8b@economist.com,Female,Yearly,185-514-4308,660689717-3
Moore,Opy,mopy8c@nyu.edu,Male,Yearly,134-127-4487,409825516-2
Peta,Andrzejowski,pandrzejowski8d@microsoft.com,Female,Weekly,941-423-5317,875005762-6
Norrie,Roddick,nroddick8e@nydailynews.com,Male,Seldom,483-228-2472,209189083-9
Mic,Rudgley,mrudgley8f@wordpress.com,Male,Daily,666-504-3751,551279619-4
Pauly,Izzett,pizzett8g@telegraph.co.uk,Male,Daily,402-716-0239,723948840-3
Maureen,Widdison,mwiddison8h@about.com,Female,Weekly,562-384-0440,312985582-3
Wrennie,McLaggan,wmclaggan8i@foxnews.com,Female,Monthly,956-529-6872,259254450-X
Channa,Cowerd,ccowerd8j@123-reg.co.uk,Female,Yearly,519-860-8853,029970908-6
Sande,Jaffra,sjaffra8k@meetup.com,Female,Seldom,466-568-5493,033760475-4
Patience,Betteson,pbetteson8l@hao123.com,Female,Monthly,461-259-8389,831558694-7
Stacy,Torel,storel8m@msn.com,Male,Weekly,252-994-5312,540838634-1
Nefen,McPeice,nmcpeice8n@godaddy.com,Male,Never,640-510-4121,748337523-X
Vincenty,Stoner,vstoner8o@timesonline.co.uk,Male,Often,166-819-3115,271710817-3
Christina,Banasik,cbanasik8p@msn.com,Female,Monthly,651-726-8260,932600108-3
Fionna,MacUchadair,fmacuchadair8q@privacy.gov.au,Female,Seldom,233-156-6648,877760736-8
Monroe,Chazelle,mchazelle8r@github.com,Male,Seldom,770-840-3592,967395509-3
Mahmoud,Mundle,mmundle8s@a8.net,Male,Yearly,694-259-4573,658757388-6
Katina,Every,kevery8t@meetup.com,Female,Seldom,709-636-2459,913812160-3
Ronica,Lidster,rlidster8u@tinyurl.com,Female,Daily,848-527-7291,084850232-9
Maximilian,Schuricht,mschuricht8v@taobao.com,Male,Never,904-955-7589,171108889-7
Waldemar,Piddle,wpiddle8w@abc.net.au,Male,Once,672-607-1327,524309324-6
Traver,Pedrielli,tpedrielli8x@ezinearticles.com,Male,Weekly,698-468-1831,557029989-0
Faythe,Proudler,fproudler8y@technorati.com,Female,Often,282-405-1700,650750719-9
Heidie,Learmonth,hlearmonth8z@springer.com,Female,Yearly,957-656-8597,010813870-4
Toiboid,Saturley,tsaturley90@devhub.com,Male,Weekly,819-330-9871,401627144-4
Albert,Billany,abillany91@wikia.com,Male,Once,717-487-0129,120031216-3
Amerigo,Durtnell,adurtnell92@clickbank.net,Male,Once,430-220-7331,896970367-5
Milt,Hurdwell,mhurdwell93@blogger.com,Male,Daily,784-729-9346,920602454-X
Cindra,Kropp,ckropp94@qq.com,Female,Seldom,121-319-2665,016001057-8
Veriee,Niblett,vniblett95@miibeian.gov.cn,Female,Monthly,524-380-9399,276089183-6
Lindsay,Leyrroyd,lleyrroyd96@comcast.net,Male,Often,179-734-5428,569937446-9
Ollie,Everist,oeverist97@gravatar.com,Female,Often,583-343-0666,093850132-1
Lodovico,Ramberg,lramberg98@yolasite.com,Male,Monthly,460-313-2931,087378711-0
Norbie,Volant,nvolant99@dell.com,Male,Daily,720-998-0501,576192008-5
Gordy,Manneville,gmanneville9a@wisc.edu,Male,Never,803-470-4788,176915007-2
Verge,O'Garmen,vogarmen9b@1und1.de,Male,Daily,611-662-6654,611914540-0
Nichols,Tohill,ntohill9c@google.es,Male,Often,722-506-4866,642820032-5
Jamey,Bausor,jbausor9d@jugem.jp,Male,Once,808-608-7481,250587207-4
Leann,Faich,lfaich9e@hibu.com,Female,Often,518-449-9693,043055228-9
Hercule,Chimienti,hchimienti9f@npr.org,Male,Once,150-986-8473,966533034-9
Gerri,Jillins,gjillins9g@abc.net.au,Male,Never,507-365-8864,511084111-X
Ariel,Choppen,achoppen9h@typepad.com,Female,Often,523-982-3299,696715473-7
Antin,Copnall,acopnall9i@hibu.com,Male,Seldom,310-406-7494,571465161-8
Joella,Lauthian,jlauthian9j@altervista.org,Female,Once,904-171-3486,395122315-4
Rubina,Tweddell,rtweddell9k@gmpg.org,Female,Daily,401-825-4083,647339748-5
Maud,Doidge,mdoidge9l@europa.eu,Female,Never,613-651-9583,769087487-8
Christan,McTrustey,cmctrustey9m@yolasite.com,Female,Seldom,389-182-5284,361110021-8
Isac,Arkil,iarkil9n@sitemeter.com,Male,Once,415-185-4088,096548916-7
Lu,Sallan,lsallan9o@newyorker.com,Female,Seldom,995-691-4781,407303242-9
Stacey,Hellings,shellings9p@issuu.com,Female,Never,283-869-3886,080706320-7
Kacey,Cisec,kcisec9q@smugmug.com,Female,Often,672-565-1637,361518799-7
Juliet,O'Bruen,jobruen9r@fda.gov,Female,Daily,620-587-7697,313433764-9
Luce,Scotchforth,lscotchforth9s@wisc.edu,Female,Seldom,418-718-4717,472816365-2
Ramon,Kleiser,rkleiser9t@engadget.com,Male,Weekly,616-138-5468,075049770-X
Peder,Adamsky,padamsky9u@joomla.org,Male,Never,296-556-6926,022864854-8
Nonna,Rubel,nrubel9v@mozilla.com,Female,Monthly,488-211-8022,102735059-3
Melinda,Learmont,mlearmont9w@printfriendly.com,Female,Weekly,347-792-4519,912784863-9
Cordey,Colombier,ccolombier9x@addtoany.com,Female,Daily,729-854-7283,717983024-0
Virgie,Fowgies,vfowgies9y@usda.gov,Male,Never,336-827-0859,198628727-0
Miquela,Noor,mnoor9z@vkontakte.ru,Female,Daily,777-651-6567,080721224-5
Gabriellia,Conaghan,gconaghana0@jimdo.com,Female,Monthly,788-598-8910,879348524-7
Terrell,Hayland,thaylanda1@sohu.com,Male,Seldom,742-425-6019,734550888-9
Loralee,Brahan,lbrahana2@mlb.com,Female,Once,948-187-9467,714778886-9
Nealon,Collyns,ncollynsa3@umn.edu,Male,Yearly,725-725-5825,123315274-2
Donavon,Grimes,dgrimesa4@noaa.gov,Male,Daily,929-381-7248,431095113-9
Idell,Pawley,ipawleya5@nifty.com,Female,Monthly,195-408-1721,364141564-0
Skippy,Cornick,scornicka6@weebly.com,Male,Never,971-769-4757,647110343-3
Inesita,Tuley,ituleya7@discuz.net,Female,Yearly,675-722-9492,948349156-8
Cinderella,Bachs,cbachsa8@irs.gov,Female,Often,985-284-4070,620421813-1
Patric,Pentecust,ppentecusta9@answers.com,Male,Seldom,684-286-2513,186313433-6
Irene,Redan,iredanaa@wordpress.org,Female,Never,545-601-7329,502891177-0
Stu,Halbert,shalbertab@hp.com,Male,Daily,199-897-3562,697521219-8
Brennan,Vautre,bvautreac@bizjournals.com,Male,Seldom,118-634-8684,557157514-X
Diane,Lattimore,dlattimoread@ftc.gov,Female,Once,737-882-9408,299972520-5
Walliw,Clemow,wclemowae@example.com,Female,Weekly,712-735-6843,489934614-X
Tom,Howie,thowieaf@europa.eu,Male,Often,228-805-4916,231424286-6
Cary,Rogan,croganag@yandex.ru,Female,Daily,610-737-2477,210172235-6
Poppy,Stetlye,pstetlyeah@jiathis.com,Female,Yearly,808-956-1253,855834956-8
Anissa,Pease,apeaseai@chronoengine.com,Female,Never,751-925-2828,126542460-8
Rebeca,Dinley,rdinleyaj@xinhuanet.com,Female,Monthly,406-365-6405,381498027-1
Esme,Scarlett,escarlettak@photobucket.com,Male,Often,249-762-4724,764974417-5
Prudy,Dewdney,pdewdneyal@nhs.uk,Female,Seldom,482-279-2252,373642663-1
Reidar,Reichelt,rreicheltam@mtv.com,Male,Monthly,564-225-6961,120739829-2
Fonzie,Donke,fdonkean@fc2.com,Male,Never,720-499-4562,271282306-0
Ronny,Ritchman,rritchmanao@nih.gov,Female,Often,904-393-9502,707691753-X
Dacey,Omond,domondap@netvibes.com,Female,Monthly,483-721-6536,761902161-2
Chalmers,Comber,ccomberaq@amazon.co.jp,Male,Yearly,166-266-0189,539842300-2
Theobald,Dwyer,tdwyerar@unicef.org,Male,Often,456-189-5959,745124112-2
Nannette,Hirthe,nhirtheas@berkeley.edu,Female,Daily,386-611-5463,486305576-5
Brooke,Mitie,bmitieat@tinyurl.com,Female,Seldom,362-470-0931,752150710-X
Devin,MacDermand,dmacdermandau@123-reg.co.uk,Male,Seldom,674-381-1748,638362043-6
Ramon,Pattesall,rpattesallav@instagram.com,Male,Seldom,397-295-1137,844711092-3
Emmet,Tailby,etailbyaw@diigo.com,Male,Once,548-128-8519,103045264-4
Brander,McFadin,bmcfadinax@auda.org.au,Male,Never,339-937-5687,865557990-4
Ilka,Madner,imadneray@mail.ru,Female,Monthly,866-499-8762,209240030-4
Claudianus,Budleigh,cbudleighaz@linkedin.com,Male,Daily,988-920-3622,330725408-1
Jess,Cruise,jcruiseb0@ox.ac.uk,Male,Yearly,895-116-8065,900428902-X
Charyl,Trigwell,ctrigwellb1@wikia.com,Female,Daily,310-662-8377,272293275-X
Laural,Glas,lglasb2@alibaba.com,Female,Never,499-648-5745,465143437-1
Ricardo,Surridge,rsurridgeb3@cnbc.com,Male,Never,214-423-0833,689337084-9
Jarid,Buchanan,jbuchananb4@elegantthemes.com,Male,Seldom,909-656-0105,532051737-8
Artemis,Barfoot,abarfootb5@cloudflare.com,Male,Often,800-232-4093,017189922-9
Tyrus,Swadlen,tswadlenb6@hibu.com,Male,Yearly,828-174-2687,618677344-2
Paul,Priddle,ppriddleb7@msn.com,Male,Often,504-923-8917,727671984-7
Shara,Guilder,sguilderb8@paginegialle.it,Female,Never,573-637-8114,809978192-9
Quentin,Stivani,qstivanib9@bluehost.com,Male,Once,208-231-2524,615435161-5
Danica,McCoid,dmccoidba@sourceforge.net,Female,Often,738-654-0831,501896898-2
Alix,Densham,adenshambb@linkedin.com,Female,Daily,781-311-7490,926946045-2
Ardeen,Linde,alindebc@bing.com,Female,Yearly,524-962-4175,664005324-1
Kaitlin,Goulder,kgoulderbd@aol.com,Female,Often,901-122-3340,427396755-3
Elizabet,Libermore,elibermorebe@t.co,Female,Seldom,500-441-0774,907958644-7
Pavia,Bunyard,pbunyardbf@microsoft.com,Female,Often,269-479-0602,114088865-X
Rosco,McMurthy,rmcmurthybg@ning.com,Male,Often,966-890-3976,225935491-2
Layton,Furlow,lfurlowbh@hexun.com,Male,Daily,405-788-6054,618950184-2
Lela,Guitte,lguittebi@macromedia.com,Female,Weekly,108-492-0568,371257728-1
Sunny,Kinane,skinanebj@abc.net.au,Female,Daily,794-651-2972,043883804-1
Vittorio,Hirthe,vhirthebk@army.mil,Male,Yearly,219-466-2727,393794211-4
Cosmo,Worsnop,cworsnopbl@princeton.edu,Male,Never,959-909-5977,122701649-2
Domenico,Darington,ddaringtonbm@auda.org.au,Male,Often,714-676-3062,258369932-6
Tab,Bills,tbillsbn@youtu.be,Male,Weekly,346-534-2994,266330137-X
Spike,Milan,smilanbo@free.fr,Male,Never,668-490-9591,206621086-2
Natka,Kief,nkiefbp@parallels.com,Female,Often,588-939-1120,149834731-2
Aurore,Bedo,abedobq@psu.edu,Female,Weekly,370-558-0757,732833192-5
Gerardo,Shields,gshieldsbr@narod.ru,Male,Daily,909-792-6128,730087070-8
Clovis,Twentyman,ctwentymanbs@opera.com,Female,Often,992-982-8602,419304111-5
Odella,Carde,ocardebt@nationalgeographic.com,Female,Monthly,735-338-4679,967730507-7
Tedmund,Capps,tcappsbu@shareasale.com,Male,Seldom,236-680-9358,735742753-6
Bruis,Clapshaw,bclapshawbv@google.com.au,Male,Once,915-682-4269,706255747-1
Alexis,Edsell,aedsellbw@issuu.com,Male,Daily,772-467-8898,873420860-7
Tailor,Di Boldi,tdiboldibx@cbslocal.com,Male,Monthly,770-280-4483,380338501-6
Nowell,Buttrey,nbuttreyby@mashable.com,Male,Once,851-590-3320,632446638-8
Engelbert,Dri,edribz@i2i.jp,Male,Yearly,788-806-3051,637338193-5
Irene,Rummins,irumminsc0@columbia.edu,Female,Daily,401-446-9565,755705623-X
Gloriana,Hanfrey,ghanfreyc1@salon.com,Female,Weekly,797-378-9265,307492275-3
Prent,Craghead,pcragheadc2@comsenz.com,Male,Never,810-528-9119,613281311-X
Jessy,Murphy,jmurphyc3@about.me,Female,Never,552-940-5145,095859996-3
Myrwyn,Sweed,msweedc4@linkedin.com,Male,Never,808-980-3750,349770142-4
Irma,Stonebanks,istonebanksc5@smh.com.au,Female,Daily,918-941-2527,948077340-6
Amelina,Noury,anouryc6@google.nl,Female,Yearly,393-282-5458,943145553-6
Deane,Newens,dnewensc7@cpanel.net,Male,Weekly,688-505-4262,674354379-9
Genvieve,Daber,gdaberc8@wired.com,Female,Often,778-509-8946,895904331-1
Glenden,Tanti,gtantic9@vinaora.com,Male,Monthly,600-457-9481,599540878-X
Brooks,Krug,bkrugca@slideshare.net,Male,Monthly,522-605-3420,039431352-6
Claudio,Craker,ccrakercb@vimeo.com,Male,Weekly,386-181-6056,453503084-7
Angus,Stickels,astickelscc@paginegialle.it,Male,Daily,146-355-7377,283135690-3
Bridie,Ivanikhin,bivanikhincd@slashdot.org,Female,Seldom,378-841-7473,434908642-0
Gianni,Randales,grandalesce@bandcamp.com,Male,Weekly,597-628-1735,309298907-4
Nixie,Clemmitt,nclemmittcf@ibm.com,Female,Yearly,696-257-0008,960411273-2
Bernie,Mallebone,bmallebonecg@sogou.com,Male,Yearly,553-238-7567,094348811-7
Dex,Mirfield,dmirfieldch@imdb.com,Male,Often,349-243-7051,483255270-8
Barny,McAnalley,bmcanalleyci@geocities.jp,Male,Weekly,398-816-1055,959445392-3
Gordie,Dinjes,gdinjescj@marriott.com,Male,Seldom,185-415-2156,846405491-2
Barry,Traher,btraherck@google.fr,Female,Daily,463-442-1611,963377771-2
Felike,Pointing,fpointingcl@php.net,Male,Once,421-138-7094,391433492-4
Henka,Poile,hpoilecm@wikia.com,Female,Seldom,573-259-5498,865346237-6
Aharon,Pinkard,apinkardcn@fda.gov,Male,Weekly,368-950-0358,328916658-9
Missy,Moring,mmoringco@blogs.com,Female,Often,989-302-2422,639616483-3
Doloritas,Hallowes,dhallowescp@indiegogo.com,Female,Once,288-972-9767,042086970-0
Marje,Gyrgorcewicx,mgyrgorcewicxcq@loc.gov,Female,Seldom,596-912-8835,116032170-1
Lorita,Bunton,lbuntoncr@amazon.de,Female,Monthly,549-534-2908,275086616-2
Marleah,Ennew,mennewcs@1688.com,Female,Often,336-207-5098,041008445-X
Basilio,Simants,bsimantsct@naver.com,Male,Often,940-490-9338,439414336-5
Jermaine,Gallant,jgallantcu@dailymotion.com,Male,Weekly,476-161-7332,261166701-2
Skipton,Zamudio,szamudiocv@vimeo.com,Male,Often,736-771-3210,540687424-1
De witt,Ryman,drymancw@washington.edu,Male,Weekly,598-498-1864,769016545-1
Bartholomew,Gundry,bgundrycx@theguardian.com,Male,Once,948-413-9469,626492425-3
Clarinda,Zorzini,czorzinicy@arizona.edu,Female,Weekly,926-370-2768,330279001-5
Orren,Bridgeman,obridgemancz@themeforest.net,Male,Often,631-102-1381,293485856-1
Maddy,Levicount,mlevicountd0@scientificamerican.com,Male,Often,796-771-2747,995683786-5
Drusy,Ireson,diresond1@cpanel.net,Female,Weekly,946-417-5939,831074291-6
Dillon,Lamboll,dlambolld2@weebly.com,Male,Never,509-618-9714,072086232-9
Heinrick,Poxton,hpoxtond3@example.com,Male,Often,906-851-7989,388514262-7
Betsey,Knok,bknokd4@bloglovin.com,Female,Daily,219-989-4546,786140731-4
Danya,Nitto,dnittod5@eepurl.com,Female,Seldom,181-740-6826,884030002-3
Lanna,Duckwith,lduckwithd6@alibaba.com,Female,Never,707-266-6811,312725025-8
Prisca,Pulley,ppulleyd7@fda.gov,Female,Never,608-557-0025,327638932-0
Nikolai,Josephsen,njosephsend8@pagesperso-orange.fr,Male,Weekly,702-423-6433,296754360-8
Xylina,Ivanikov,xivanikovd9@who.int,Female,Weekly,729-762-6458,742734023-X
Kathye,Dunmuir,kdunmuirda@mlb.com,Female,Once,509-803-6621,009090900-3
Brietta,Castillon,bcastillondb@cmu.edu,Female,Once,713-795-5682,111263952-7
Devora,Fortesquieu,dfortesquieudc@kickstarter.com,Female,Monthly,655-445-3854,232649999-9
Doti,Di Biagi,ddibiagidd@webs.com,Female,Once,363-711-6254,508396153-9
Ilario,Fidele,ifidelede@stumbleupon.com,Male,Yearly,109-153-7990,366924558-8
Melva,Swinnard,mswinnarddf@webmd.com,Female,Seldom,130-306-1799,091119923-3
Jordana,Pignon,jpignondg@cisco.com,Female,Once,179-924-6982,194741827-0
Culver,Arnoll,carnolldh@cbsnews.com,Male,Often,329-150-6358,674223457-1
Richardo,McVicker,rmcvickerdi@hao123.com,Male,Daily,293-170-8930,078264000-1
Hestia,Bartalucci,hbartaluccidj@ezinearticles.com,Female,Often,275-430-1701,515971912-1
Ninette,Yearsley,nyearsleydk@mit.edu,Female,Seldom,194-217-0511,351698084-2
Clarissa,Belison,cbelisondl@yahoo.co.jp,Female,Daily,844-107-4405,974046615-X
Gage,McGrah,gmcgrahdm@nbcnews.com,Male,Weekly,196-183-6740,244892279-9
Aggi,Renals,arenalsdn@ycombinator.com,Female,Once,192-777-5092,255045399-9
Mindy,Bigadike,mbigadikedo@tripod.com,Female,Once,346-142-4774,040508517-6
Myca,Sellors,msellorsdp@uol.com.br,Male,Never,274-211-5914,202166214-4
Dolli,Lundberg,dlundbergdq@tumblr.com,Female,Weekly,614-345-7799,364451194-2
Manfred,Splevin,msplevindr@reddit.com,Male,Seldom,720-178-0197,994874482-9
Syd,Cottisford,scottisfordds@newsvine.com,Male,Daily,315-438-3090,700700216-1
Genevieve,Lendon,glendondt@ocn.ne.jp,Female,Monthly,475-515-0334,439868719-X
Norrie,Graffham,ngraffhamdu@google.co.uk,Female,Yearly,595-303-5274,160120658-5
Jenelle,Mayhou,jmayhoudv@4shared.com,Female,Monthly,282-632-9788,912533689-4
Yovonnda,Jagiela,yjagieladw@so-net.ne.jp,Female,Often,984-369-5676,289114015-X
Chase,Synan,csynandx@bbc.co.uk,Male,Once,189-260-4677,998612803-X
Lyle,Cristofolini,lcristofolinidy@devhub.com,Male,Weekly,132-146-5018,721309955-8
Angus,Guinness,aguinnessdz@networksolutions.com,Male,Yearly,881-473-1342,466145290-9
Robin,Giraudou,rgiraudoue0@home.pl,Male,Seldom,371-827-2329,134918553-1
Jacynth,Halse,jhalsee1@java.com,Female,Once,819-889-6353,891512501-0
Geri,Langlais,glanglaise2@twitter.com,Male,Daily,311-502-2798,696613977-7
Taber,Presslee,tpressleee3@squidoo.com,Male,Weekly,878-710-6675,271848036-X
Roobbie,Kemitt,rkemitte4@cisco.com,Female,Daily,417-627-0354,821717499-7
Dian,Kingsnod,dkingsnode5@ameblo.jp,Female,Daily,824-343-0624,437977887-8
Amabelle,Bockmann,abockmanne6@wunderground.com,Female,Daily,436-937-5396,940977305-9
Zechariah,Walduck,zwalducke7@devhub.com,Male,Daily,968-931-2799,418513877-6
Peder,Beadham,pbeadhame8@flickr.com,Male,Daily,103-539-9403,262670045-2
Cissy,Cleland,cclelande9@flickr.com,Female,Often,213-109-8996,873184908-3
Ned,De Matteis,ndematteisea@reuters.com,Male,Daily,280-937-9199,393935283-7
Corey,Di Franceshci,cdifranceshcieb@gravatar.com,Male,Yearly,287-383-6539,795839277-X
Jocelyn,Cook,jcookec@utexas.edu,Female,Never,633-653-2069,919466045-X
Bessie,Burkin,bburkined@google.co.jp,Female,Seldom,850-580-4419,373066519-7
Yoshi,Harkin,yharkinee@ft.com,Female,Weekly,216-454-1169,253307092-0
Eunice,Casburn,ecasburnef@imdb.com,Female,Monthly,433-865-5997,375447240-2
Teodoor,Persehouse,tpersehouseeg@fda.gov,Male,Monthly,193-843-0768,750184540-9
Tanya,Garnall,tgarnalleh@foxnews.com,Female,Once,389-603-2210,264682545-5
Karlik,Ogers,kogersei@google.nl,Male,Once,752-978-3443,339631797-1
Genvieve,Byng,gbyngej@sciencedaily.com,Female,Once,153-620-5436,276353538-0
Belicia,Bartolomieu,bbartolomieuek@pcworld.com,Female,Once,977-529-2226,581381352-7
Nikola,Leeves,nleevesel@i2i.jp,Male,Yearly,814-806-5052,580288091-0
Verna,Bernhardi,vbernhardiem@merriam-webster.com,Female,Yearly,342-661-4981,354538669-4
Ettore,Golland,egollanden@thetimes.co.uk,Male,Once,312-447-1194,984750125-4
Kathryn,Dailly,kdaillyeo@hubpages.com,Female,Once,286-247-3331,333501545-2
Augusta,Critchard,acritchardep@goo.ne.jp,Female,Daily,881-440-6794,112395175-6
Gifford,D'Alessio,gdalessioeq@soundcloud.com,Male,Monthly,447-849-9478,065778121-5
Charla,Seger,csegerer@unicef.org,Female,Yearly,227-327-9427,252670671-8
Marchall,Byk,mbykes@businessinsider.com,Male,Never,158-107-7193,741264352-5
Clare,Sargent,csargentet@census.gov,Female,Monthly,433-759-1275,300092482-5
Sibeal,Middle,smiddleeu@fotki.com,Female,Once,305-859-4357,287863306-7
Jeniece,Blum,jblumev@mail.ru,Female,Once,335-134-6715,402536543-X
Elbertina,Oake,eoakeew@vk.com,Female,Yearly,443-824-1554,298757886-5
Tildie,Hrynczyk,thrynczykex@reference.com,Female,Weekly,808-699-2304,626874815-8
Cora,Wichard,cwichardey@indiegogo.com,Female,Monthly,507-953-6998,185628546-4
Parke,Geator,pgeatorez@state.gov,Male,Monthly,461-258-5662,823843669-9
Caye,Andor,candorf0@tumblr.com,Female,Often,888-613-6974,177017644-6
Dukie,Grigoliis,dgrigoliisf1@wikia.com,Male,Monthly,219-860-8680,995340856-4
Lory,Grosvenor,lgrosvenorf2@uiuc.edu,Female,Seldom,275-339-2252,177386832-2
Jack,Scarratt,jscarrattf3@dagondesign.com,Male,Daily,314-647-5130,083079138-8
Janeen,Crankhorn,jcrankhornf4@census.gov,Female,Never,687-199-6974,723390793-5
Thatch,Spicer,tspicerf5@instagram.com,Male,Often,947-208-3848,537975005-2
Horton,Faulds,hfauldsf6@google.com,Male,Yearly,924-407-0950,854566200-9
Dickie,Vearncomb,dvearncombf7@booking.com,Male,Seldom,848-331-4612,478060933-X
Obed,Dietz,odietzf8@pbs.org,Male,Weekly,210-550-3847,696611011-6
Ardine,Clemendot,aclemendotf9@amazon.co.jp,Female,Often,101-864-4604,791696230-6
Beauregard,Dorrins,bdorrinsfa@foxnews.com,Male,Never,350-424-5143,272513078-6
Dallas,Beranek,dberanekfb@chronoengine.com,Male,Seldom,210-777-8083,686383120-1
Janene,McKevin,jmckevinfc@cornell.edu,Female,Seldom,566-355-3048,297287791-8
Wells,Spivie,wspiviefd@nationalgeographic.com,Male,Weekly,543-535-7437,722829960-4
Clio,Grosvener,cgrosvenerfe@ucoz.ru,Female,Monthly,594-604-6730,392863289-2
Hamel,Kernan,hkernanff@booking.com,Male,Often,645-250-0168,140107507-X
Karola,Barnwill,kbarnwillfg@unblog.fr,Female,Weekly,192-609-7066,867396971-9
Jorie,Gann,jgannfh@economist.com,Female,Weekly,187-518-1896,672026857-0
Rafaela,Sealey,rsealeyfi@cbc.ca,Female,Often,642-934-8009,115137486-5
Tam,Hucquart,thucquartfj@paypal.com,Male,Monthly,710-538-4794,850923545-7
Libbie,Simonitto,lsimonittofk@so-net.ne.jp,Female,Once,995-488-4921,523889456-2
Brandea,Blaske,bblaskefl@msn.com,Female,Daily,812-147-3936,440179186-X
Adriane,Tuddenham,atuddenhamfm@stanford.edu,Female,Daily,742-515-4995,416971017-7
Belinda,Jackways,bjackwaysfn@foxnews.com,Female,Daily,438-177-1369,604551124-7
Grantley,Leeburne,gleeburnefo@twitpic.com,Male,Yearly,565-623-2177,788181291-5
Casey,Wooster,cwoosterfp@moonfruit.com,Male,Weekly,927-990-2834,740161981-4
Amara,Fawke,afawkefq@economist.com,Female,Yearly,848-143-1435,028530718-5
Giffie,Seman,gsemanfr@hexun.com,Male,Often,863-811-8864,568075766-4
Toni,Joannet,tjoannetfs@ask.com,Female,Once,201-143-5110,293968507-X
Kippar,Brumfield,kbrumfieldft@psu.edu,Male,Monthly,944-674-0239,087513159-X
Halsy,Dodsworth,hdodsworthfu@telegraph.co.uk,Male,Weekly,129-782-5581,532673734-5
Martin,Gillfillan,mgillfillanfv@goo.ne.jp,Male,Weekly,569-246-9724,349930429-5
Sheridan,Dunbleton,sdunbletonfw@biblegateway.com,Male,Seldom,175-183-6659,423925187-7
Madelina,Scothron,mscothronfx@nhs.uk,Female,Daily,936-391-5059,667724951-4
Dominick,Eaden,deadenfy@psu.edu,Male,Never,662-650-0726,654799126-1
Elianora,Danell,edanellfz@nyu.edu,Female,Daily,147-261-6012,822746135-2
Yehudit,Hankins,yhankinsg0@utexas.edu,Male,Yearly,417-513-8583,518959753-9
Benson,Feldmann,bfeldmanng1@discuz.net,Male,Daily,501-947-4747,451771378-4
Giorgi,Oliffe,goliffeg2@mapquest.com,Male,Often,217-376-3451,652173536-5
Rollin,Horbath,rhorbathg3@is.gd,Male,Weekly,399-350-6954,755529700-0
Leshia,Ephgrave,lephgraveg4@mashable.com,Female,Weekly,888-968-8150,546971966-9
Mary,Easun,measung5@nifty.com,Female,Weekly,539-363-9929,675191385-0
Leon,Louys,llouysg6@gnu.org,Male,Monthly,734-990-4547,809780154-X
Birgitta,Dugue,bdugueg7@tmall.com,Female,Yearly,756-405-7224,226428645-8
Natalee,Thiolier,nthiolierg8@hibu.com,Female,Once,800-436-7071,459337309-3
Clea,Jendrassik,cjendrassikg9@cyberchimps.com,Female,Weekly,954-500-8032,416739137-6
Sibella,Goundry,sgoundryga@webs.com,Female,Seldom,919-780-8501,738629067-5
Theodore,Trulocke,ttrulockegb@google.com.au,Male,Once,450-173-0217,595156055-1
Cordell,Thoumas,cthoumasgc@opensource.org,Male,Weekly,703-426-5152,019749644-X
Minette,Halshaw,mhalshawgd@jigsy.com,Female,Often,857-634-1219,146838950-5
Troy,Espinas,tespinasge@acquirethisname.com,Male,Seldom,982-936-7928,178313203-5
Rosy,Sheepy,rsheepygf@biblegateway.com,Female,Never,796-679-8216,689515933-9
Lisa,Gayler,lgaylergg@noaa.gov,Female,Monthly,368-686-9897,293968159-7
Andi,Culwen,aculwengh@tumblr.com,Female,Never,949-311-3549,402361715-6
Mavra,Bulger,mbulgergi@tamu.edu,Female,Seldom,922-981-5427,922736567-2
Edd,Khan,ekhangj@qq.com,Male,Monthly,179-787-0047,493661555-2
Clemens,Woollam,cwoollamgk@ezinearticles.com,Male,Never,285-940-5461,553122859-7
Randi,Kinchington,rkinchingtongl@jimdo.com,Male,Never,492-745-2604,531176048-6
Stafani,De Malchar,sdemalchargm@yale.edu,Female,Monthly,173-105-0433,083427432-9
Sapphire,Patemore,spatemoregn@howstuffworks.com,Female,Never,932-522-3683,284971509-3
Gerta,Haug,ghauggo@netscape.com,Female,Never,756-667-9630,756501782-5
Skipper,Jouaneton,sjouanetongp@ft.com,Male,Once,865-380-1822,958679994-8
Coreen,Fitzpayn,cfitzpayngq@joomla.org,Female,Seldom,889-877-0947,124451969-3
Barri,Whicher,bwhichergr@1688.com,Male,Never,964-182-4379,050015523-2
Augusto,Leversha,alevershags@live.com,Male,Daily,437-861-5655,699615415-4
Gale,Cops,gcopsgt@msu.edu,Female,Monthly,646-123-3679,231456867-2
Jesse,Jeffes,jjeffesgu@ycombinator.com,Male,Monthly,548-484-4217,277221989-5
Margalit,Tribbeck,mtribbeckgv@senate.gov,Female,Often,797-169-0226,056613925-1
Eric,Johnstone,ejohnstonegw@telegraph.co.uk,Male,Monthly,319-668-2337,055086594-2
Ives,Russi,irussigx@quantcast.com,Male,Yearly,844-583-9045,579682200-4
Sampson,Freeth,sfreethgy@geocities.jp,Male,Daily,781-824-3547,306406036-8
Corny,Lantuffe,clantuffegz@mapy.cz,Male,Often,619-489-5340,666729440-1
Emelina,Tettersell,etettersellh0@ucla.edu,Female,Daily,449-163-1746,667094486-1
Adel,Kunc,akunch1@arizona.edu,Female,Seldom,491-402-3821,708284417-4
Donni,Catterill,dcatterillh2@altervista.org,Female,Once,563-990-2904,176335339-7
Joleen,Rennenbach,jrennenbachh3@guardian.co.uk,Female,Yearly,588-841-0592,420483160-5
Carley,Rene,creneh4@washingtonpost.com,Female,Daily,694-532-7518,788174295-X
Albie,O'Brien,aobrienh5@yahoo.co.jp,Male,Once,909-581-6472,362524050-5
Maurits,Wheowall,mwheowallh6@who.int,Male,Daily,174-770-6701,302701137-5
Cookie,Eaglestone,ceaglestoneh7@google.pl,Female,Once,416-259-1244,091977096-7
Samantha,Pichan,spichanh8@amazon.de,Female,Often,971-944-5517,613740970-8
Loreen,Clyde,lclydeh9@java.com,Female,Often,554-875-6677,745489810-6
Lombard,Lethcoe,llethcoeha@prweb.com,Male,Often,120-794-6268,145080676-7
Isak,Winterbottom,iwinterbottomhb@miibeian.gov.cn,Male,Monthly,174-342-1247,563172153-8
Kit,Jouannisson,kjouannissonhc@topsy.com,Female,Never,789-821-3661,338746950-0
Brook,Carress,bcarresshd@youtu.be,Male,Daily,290-189-4888,014698396-3
Aeriela,Nawton,anawtonhe@wordpress.org,Female,Often,161-759-8558,843465289-7
Sophie,Qusklay,squsklayhf@indiegogo.com,Female,Daily,871-995-3617,343973398-X
Fernande,Graeser,fgraeserhg@go.com,Female,Weekly,817-504-1410,511252216-X
Carling,Scrowston,cscrowstonhh@blinklist.com,Male,Once,594-510-7203,601695138-2
Micah,Bellee,mbelleehi@gnu.org,Male,Once,128-776-1634,121174010-2
Renelle,Jellicorse,rjellicorsehj@accuweather.com,Female,Often,779-670-8213,687300975-X
Mendel,Havis,mhavishk@vk.com,Male,Yearly,313-401-7902,860024836-1
Barbra,Dinzey,bdinzeyhl@aboutads.info,Female,Yearly,703-715-7692,210513840-3
Mathian,Zavattari,mzavattarihm@imdb.com,Male,Never,309-557-5472,626594772-9
Petronilla,Sketh,pskethhn@answers.com,Female,Seldom,674-282-0689,662789045-3
Binny,Warboys,bwarboysho@dedecms.com,Female,Daily,932-261-6336,701188363-0
Pietro,Fiddian,pfiddianhp@whitehouse.gov,Male,Never,773-753-0584,228043745-7
Petronille,Prudham,pprudhamhq@paginegialle.it,Female,Monthly,170-501-0280,650475880-8
Giana,Marcome,gmarcomehr@tinyurl.com,Female,Yearly,448-932-0894,116124397-6
Ogdan,Lomaz,olomazhs@ebay.com,Male,Daily,433-530-0181,312247161-2
Sasha,Audritt,saudrittht@youtu.be,Female,Daily,761-877-6875,556878892-8
Carling,Alekseicik,calekseicikhu@dailymail.co.uk,Male,Once,840-599-4493,806907680-1
Maryellen,Haugg,mhaugghv@blogger.com,Female,Often,998-111-1434,285758231-5
Parke,Sandom,psandomhw@wp.com,Male,Often,539-582-2746,955793424-7
Glenden,Crutchley,gcrutchleyhx@imdb.com,Male,Seldom,111-978-5692,864060735-4
Kyle,Speers,kspeershy@ucoz.com,Female,Seldom,183-162-7709,182356245-0
Ceil,Chippindall,cchippindallhz@omniture.com,Female,Once,415-124-2457,513127853-8
Mame,Paterno,mpaternoi0@twitter.com,Female,Often,466-355-7327,613948433-2
Lucky,Swann,lswanni1@economist.com,Female,Once,913-754-9945,656344045-2
Denise,Crafter,dcrafteri2@dedecms.com,Female,Never,986-854-2327,591586997-1
Selina,Ritch,sritchi3@scribd.com,Female,Yearly,279-795-7287,534875993-7
Angeli,Mockes,amockesi4@gravatar.com,Male,Once,255-645-7752,490359685-0
Godfree,O'Currine,gocurrinei5@jalbum.net,Male,Daily,922-805-0427,346041051-5
Janette,Grzegorczyk,jgrzegorczyki6@shop-pro.jp,Female,Daily,967-115-6103,616499824-7
Hurleigh,Lineen,hlineeni7@msu.edu,Male,Often,469-955-4185,838594359-5
Khalil,Olivie,koliviei8@gnu.org,Male,Once,523-912-5491,835046040-7
Carson,Matiasek,cmatiaseki9@ask.com,Male,Never,124-290-1331,510236591-6
Jania,Hryncewicz,jhryncewiczia@prlog.org,Female,Seldom,416-339-1481,477539321-9
Micheil,Turk,mturkib@cbslocal.com,Male,Never,134-676-3128,973716655-8
Kiel,Sleeman,ksleemanic@ihg.com,Male,Monthly,375-926-5154,899163932-1
Ogdon,MacIlory,omaciloryid@jigsy.com,Male,Seldom,838-271-1027,241821778-7
Kermit,Moulin,kmoulinie@amazon.de,Male,Seldom,878-992-7392,317230952-5
Martainn,Crohan,mcrohanif@dmoz.org,Male,Once,207-353-5339,557588257-8
Yorgos,Vineall,yvineallig@desdev.cn,Male,Often,203-560-1918,142981650-3
Cobby,Tellesson,ctellessonih@cbc.ca,Male,Weekly,838-362-3204,534700078-3
Risa,Galpin,rgalpinii@apple.com,Female,Daily,597-279-3638,645723797-5
Sebastian,Gabotti,sgabottiij@jimdo.com,Male,Daily,963-391-8866,477864387-9
Kimberlyn,Witling,kwitlingik@answers.com,Female,Seldom,290-732-1121,993418880-5
Brita,Ruste,brusteil@forbes.com,Female,Once,586-399-8109,189059234-X
Cherilyn,Gudgen,cgudgenim@vk.com,Female,Yearly,474-156-4911,032473587-1
Bartie,Signe,bsignein@ovh.net,Male,Often,130-973-8899,910064796-9
Delia,Thomasen,dthomasenio@blogs.com,Female,Once,875-567-9100,088980680-2
Joaquin,Hodgin,jhodginip@cafepress.com,Male,Weekly,362-685-5174,974539467-X
Arleyne,Elcoate,aelcoateiq@joomla.org,Female,Never,916-348-1853,508456981-0
Prescott,Menicomb,pmenicombir@icq.com,Male,Often,611-933-0512,813356231-7
Mikkel,Gunther,mguntheris@vkontakte.ru,Male,Never,995-430-4522,434092797-X
Libbi,Pennick,lpennickit@amazonaws.com,Female,Monthly,928-797-6420,742127963-6
Saloma,Vidgen,svidgeniu@hp.com,Female,Weekly,286-516-7279,004692105-2
Wayland,de Pinna,wdepinnaiv@histats.com,Male,Monthly,209-894-2800,791607549-0
Wallache,Shadbolt,wshadboltiw@nasa.gov,Male,Often,290-715-9851,128560305-2
Butch,Amberson,bambersonix@eventbrite.com,Male,Seldom,886-165-2560,811025688-0
Hale,Gounot,hgounotiy@boston.com,Male,Seldom,262-915-4548,306348606-X
Morrie,McKeggie,mmckeggieiz@typepad.com,Male,Often,402-173-1316,608641231-6
Arnold,Derl,aderlj0@state.gov,Male,Weekly,139-587-1950,736963767-0
Laurette,Rubie,lrubiej1@dailymail.co.uk,Female,Weekly,190-864-9625,464090574-2
Kizzee,Manach,kmanachj2@goodreads.com,Female,Often,209-518-1227,378910190-7
Fabe,Boscher,fboscherj3@weibo.com,Male,Monthly,648-272-8265,746790330-8
Warner,Butterfint,wbutterfintj4@weather.com,Male,Daily,979-821-7146,692130371-3
Turner,Gatty,tgattyj5@shop-pro.jp,Male,Seldom,615-978-8088,046422705-4
Tobe,Scamp,tscampj6@engadget.com,Female,Monthly,565-347-9793,438993999-8
Lyssa,Folbigg,lfolbiggj7@patch.com,Female,Seldom,364-816-5616,117476857-6
Jana,Kiendl,jkiendlj8@noaa.gov,Female,Monthly,324-692-7972,323171913-5
Bria,Syddie,bsyddiej9@amazon.de,Female,Weekly,590-358-8127,352107964-3
Alene,Roath,aroathja@shutterfly.com,Female,Weekly,363-682-6720,440337725-4
Randell,O'Mohun,romohunjb@umn.edu,Male,Once,468-459-7857,470188407-3
Eziechiele,Menichini,emenichinijc@disqus.com,Male,Yearly,496-326-7698,748828876-9
Mallory,O'Hannigan,mohanniganjd@joomla.org,Male,Seldom,397-211-3196,172243298-5
Tessie,Wellington,twellingtonje@ucoz.com,Female,Once,681-763-4225,322055631-0
Lydia,Skelly,lskellyjf@netscape.com,Female,Weekly,386-539-3806,930519868-6
Eliot,Swynfen,eswynfenjg@house.gov,Male,Never,414-824-2916,426197688-9
Corenda,Pitman,cpitmanjh@creativecommons.org,Female,Seldom,425-198-0520,288242322-5
Claudianus,Parkhouse,cparkhouseji@w3.org,Male,Often,176-239-0646,994649622-4
Crichton,Noad,cnoadjj@gravatar.com,Male,Weekly,270-995-0097,755510862-3
Bartram,Brimilcombe,bbrimilcombejk@globo.com,Male,Yearly,485-857-3949,844170266-7
Trudey,Barz,tbarzjl@hexun.com,Female,Yearly,194-260-1034,699176509-0
Johnath,Jurries,jjurriesjm@amazon.de,Female,Daily,170-703-6751,905173564-2
Inessa,Berkery,iberkeryjn@comcast.net,Female,Yearly,743-340-7779,598426894-9
Rafaela,Bessey,rbesseyjo@example.com,Female,Once,483-329-8282,650775993-7
Charyl,Adolphine,cadolphinejp@meetup.com,Female,Weekly,204-496-4960,289443259-3
Ephrayim,McWhannel,emcwhanneljq@admin.ch,Male,Yearly,837-707-8603,409959528-5
Ab,Kenyon,akenyonjr@instagram.com,Male,Once,136-954-3198,592280078-7
Bevvy,Bellhanger,bbellhangerjs@huffingtonpost.com,Female,Once,111-572-9568,478877747-9
Bridie,Cowderoy,bcowderoyjt@state.tx.us,Female,Yearly,138-734-4672,777999154-7
Brice,Ferenc,bferencju@posterous.com,Male,Monthly,922-847-8580,678096294-5
Tobi,Babbage,tbabbagejv@economist.com,Female,Seldom,203-117-6967,515458751-0
Aime,Dombrell,adombrelljw@yahoo.com,Female,Often,941-509-0944,025084947-X
Nels,Sneden,nsnedenjx@devhub.com,Male,Often,437-697-4840,312017099-2
Florette,Patmore,fpatmorejy@eventbrite.com,Female,Often,460-824-3166,014473661-6
Lauren,Brito,lbritojz@oakley.com,Female,Weekly,635-616-5456,321250411-0
Tobias,Jancar,tjancark0@usatoday.com,Male,Never,247-442-1776,331222268-0
Lesley,Joscelin,ljoscelink1@rediff.com,Male,Monthly,634-280-2217,049458379-7
Kathlin,Saw,ksawk2@hud.gov,Female,Often,812-509-7771,776942562-X
Libbie,Tindle,ltindlek3@csmonitor.com,Female,Weekly,449-157-4428,082146396-9
Glory,Farres,gfarresk4@paginegialle.it,Female,Often,636-876-9073,539368777-X
Del,Rogier,drogierk5@odnoklassniki.ru,Female,Once,699-437-4309,343319273-1
Felice,Fitkin,ffitkink6@tuttocitta.it,Male,Once,462-970-7572,008104839-4
Fredi,Ert,fertk7@narod.ru,Female,Weekly,576-608-9243,020779973-3
Pandora,Jansson,pjanssonk8@scientificamerican.com,Female,Yearly,749-133-2104,184335491-8
Reade,Scutcheon,rscutcheonk9@independent.co.uk,Male,Once,304-306-3283,972686856-4
Atlante,MacGuigan,amacguiganka@youtu.be,Female,Daily,487-316-0174,064951324-X
Clarance,Vaz,cvazkb@1und1.de,Male,Yearly,713-329-8164,040862959-2
Ennis,Souness,esounesskc@soundcloud.com,Male,Monthly,862-203-1101,533297974-6
Edan,Ivasyushkin,eivasyushkinkd@huffingtonpost.com,Male,Once,620-428-6829,779378172-4
Maison,Hallatt,mhallattke@cpanel.net,Male,Yearly,810-294-7499,875209792-7
Shepard,Dowthwaite,sdowthwaitekf@soundcloud.com,Male,Monthly,469-121-0137,741780934-0
Tessi,Checcuzzi,tcheccuzzikg@umn.edu,Female,Never,354-212-3681,013980990-2
Emilio,Kinnier,ekinnierkh@walmart.com,Male,Seldom,760-950-7052,539667041-X
Mei,Esslement,messlementki@instagram.com,Female,Seldom,134-790-8890,271191277-9
Lennard,Gostridge,lgostridgekj@adobe.com,Male,Daily,257-463-0487,308319818-3
Audrye,Clapston,aclapstonkk@abc.net.au,Female,Yearly,730-693-8242,021115136-X
Faydra,MacKenny,fmackennykl@utexas.edu,Female,Seldom,984-109-1171,233717736-X
Patrice,Walkden,pwalkdenkm@yandex.ru,Female,Seldom,948-283-5575,274714634-0
Dyanne,Kleyn,dkleynkn@ifeng.com,Female,Often,499-581-3142,658609220-5
Elvyn,Heffernon,eheffernonko@apple.com,Male,Monthly,913-729-3060,408692227-4
Marcos,Petroff,mpetroffkp@merriam-webster.com,Male,Once,184-338-3714,363225233-5
Katharine,Cook,kcookkq@slashdot.org,Female,Never,684-898-7710,922467085-7
Don,Pauling,dpaulingkr@weather.com,Male,Never,159-981-5972,075871791-1
Alanna,Blumfield,ablumfieldks@mail.ru,Female,Monthly,151-305-1126,313459094-8
Anna-diana,Stanmer,astanmerkt@wikia.com,Female,Monthly,578-497-8693,337082941-X
Cleopatra,Jentle,cjentleku@nationalgeographic.com,Female,Seldom,713-366-0937,572170109-9
Judi,Sharvell,jsharvellkv@gmpg.org,Female,Seldom,850-809-7779,418380372-1
Darda,Ruggier,druggierkw@cdc.gov,Female,Monthly,954-635-3805,244813576-2
Cassy,Fayerbrother,cfayerbrotherkx@dailymotion.com,Female,Daily,278-906-4567,452563262-3
Cory,Pennycuick,cpennycuickky@globo.com,Female,Weekly,824-298-9297,725188820-3
Zsazsa,Wozencraft,zwozencraftkz@kickstarter.com,Female,Yearly,453-949-9914,076396720-3
Emlynn,Bocking,ebockingl0@sbwire.com,Female,Seldom,722-769-0779,466149064-9
Ode,Starten,ostartenl1@lycos.com,Male,Daily,334-454-6857,387559545-9
Madelin,Hullins,mhullinsl2@photobucket.com,Female,Once,377-881-4735,730290672-6
Cordelia,Eixenberger,ceixenbergerl3@about.me,Female,Weekly,508-700-0690,725786196-X
Briano,Dundon,bdundonl4@360.cn,Male,Seldom,903-298-7097,152894747-9
Ninetta,Oganesian,noganesianl5@e-recht24.de,Female,Daily,791-117-3131,319472964-0
Lazar,Droogan,ldrooganl6@twitpic.com,Male,Often,366-854-4766,785272110-9
Cathleen,Venart,cvenartl7@theguardian.com,Female,Weekly,308-187-1311,961905272-2
Marlon,Hathway,mhathwayl8@live.com,Male,Monthly,902-533-1063,344420435-3
Bobbie,Faveryear,bfaveryearl9@ehow.com,Female,Never,136-491-3332,853525629-6
Babbie,Tedridge,btedridgela@google.fr,Female,Once,239-622-2045,979116238-7
Theodor,McCorrie,tmccorrielb@squarespace.com,Male,Once,416-635-6889,143551519-6
Hew,Trittam,htrittamlc@mlb.com,Male,Monthly,883-611-8106,860797705-9
Hope,Gellan,hgellanld@bbc.co.uk,Female,Daily,621-597-4576,947426757-X
Mel,Scotchbourouge,mscotchbourougele@discovery.com,Female,Once,722-602-3065,025296946-4
Neile,Jurczik,njurcziklf@photobucket.com,Female,Never,808-704-8361,275447989-9
Rock,Loughrey,rloughreylg@domainmarket.com,Male,Seldom,776-377-2477,423046421-5
Berrie,Jedrzejewsky,bjedrzejewskylh@intel.com,Female,Monthly,741-496-0097,873939382-8
Elga,Roddam,eroddamli@msn.com,Female,Often,449-232-6158,057630151-5
Harry,Spaducci,hspaduccilj@sohu.com,Male,Monthly,884-596-8034,597014760-5
Prentiss,Spennock,pspennocklk@dailymail.co.uk,Male,Often,467-263-6915,552336693-5
Sawyere,Geere,sgeerell@ed.gov,Male,Daily,597-856-2102,963023336-3
Shelley,Risso,srissolm@google.pl,Male,Yearly,690-370-6469,176215877-9
Adella,Gergus,agergusln@g.co,Female,Never,833-262-6309,998654343-6
Cazzie,Greenrde,cgreenrdelo@livejournal.com,Male,Never,707-414-1514,460149433-8
Gerome,Gravy,ggravylp@pagesperso-orange.fr,Male,Seldom,430-207-5193,292652213-4
Kania,Hanrott,khanrottlq@mapquest.com,Female,Yearly,402-476-1738,427433119-9
Morrie,Buney,mbuneylr@hatena.ne.jp,Male,Daily,601-654-2388,520803964-8
Ave,Trevor,atrevorls@ca.gov,Male,Daily,343-241-6554,009585020-1
Wells,Cafe,wcafelt@cnbc.com,Male,Yearly,568-239-6596,368855338-1
Pen,Cramp,pcramplu@aboutads.info,Male,Once,112-382-8694,940886593-6
Lonnie,Winks,lwinkslv@creativecommons.org,Female,Never,339-748-6643,452704049-9
Barton,Brandoni,bbrandonilw@dedecms.com,Male,Weekly,984-806-1560,066093075-7
Valerie,Gouthier,vgouthierlx@usatoday.com,Female,Seldom,812-883-5267,762889022-9
Jennine,Fielden,jfieldenly@yale.edu,Female,Monthly,301-481-9587,220526665-9
Luther,Catherine,lcatherinelz@themeforest.net,Male,Yearly,535-862-3141,319015071-0
Glyn,Van der Linde,gvanderlindem0@globo.com,Female,Monthly,555-760-8565,128999673-3
Blakeley,Knill,bknillm1@vkontakte.ru,Female,Seldom,442-464-3703,014500743-X
Jerry,Lockart,jlockartm2@virginia.edu,Male,Often,674-541-3583,715710487-3
Sander,Vannozzii,svannozziim3@latimes.com,Male,Weekly,914-275-3978,662532713-1
Caryl,De Hailes,cdehailesm4@smugmug.com,Male,Never,634-652-3456,011063974-X
Wyatt,Fitzsimmons,wfitzsimmonsm5@t.co,Male,Daily,172-811-7646,233856676-9
Leslie,Challen,lchallenm6@elpais.com,Male,Weekly,515-401-4445,688358328-9
Roobbie,Hovard,rhovardm7@nsw.gov.au,Female,Seldom,848-726-8901,426086435-1
Olivette,Jackways,ojackwaysm8@wufoo.com,Female,Yearly,244-499-0764,669265832-2
Charmian,Clipston,cclipstonm9@wikispaces.com,Female,Yearly,615-940-2110,881285756-6
Zed,Wonfor,zwonforma@cnbc.com,Male,Seldom,921-682-8773,369610928-2
Sanderson,Drillot,sdrillotmb@theguardian.com,Male,Yearly,581-327-8240,707832943-0
Osborn,Skace,oskacemc@typepad.com,Male,Seldom,145-197-1798,767713909-4
Saidee,McEntagart,smcentagartmd@facebook.com,Female,Seldom,569-702-3200,391374949-7
Peri,Priddy,ppriddyme@marriott.com,Female,Once,707-945-5993,150282504-X
Kerwin,Topping,ktoppingmf@sciencedirect.com,Male,Often,934-646-5171,108345105-7
Estrellita,Kenwyn,ekenwynmg@ebay.co.uk,Female,Weekly,157-965-0336,830529178-2
Roseann,Sterry,rsterrymh@princeton.edu,Female,Weekly,724-782-8771,122237088-3
Wallie,Vearncombe,wvearncombemi@usatoday.com,Female,Once,677-681-2429,295522520-7
Rutledge,Goligly,rgoliglymj@homestead.com,Male,Once,751-150-6843,012679213-5
Valentia,Smalcombe,vsmalcombemk@weibo.com,Female,Seldom,358-623-5921,180656809-8
Brietta,Battie,bbattieml@dot.gov,Female,Seldom,164-145-6478,549271584-4
Sterne,Taggart,staggartmm@ftc.gov,Male,Weekly,223-980-6752,532837158-5
Rebecca,Weigh,rweighmn@eepurl.com,Female,Seldom,753-276-5830,003577425-8
Archie,Chatteris,achatterismo@rambler.ru,Male,Yearly,270-582-0705,987387756-8
Tootsie,Murrish,tmurrishmp@paypal.com,Female,Weekly,662-263-4815,911593626-0
Herold,Wyvill,hwyvillmq@google.ru,Male,Often,850-939-5972,201641298-4
Howie,Challener,hchallenermr@mlb.com,Male,Often,470-557-1628,902525018-1
Hoebart,Peepall,hpeepallms@yellowbook.com,Male,Monthly,549-713-2959,916795033-7
Brendan,Bollum,bbollummt@ted.com,Male,Yearly,471-753-6208,269133505-4
Missy,Weigh,mweighmu@about.me,Female,Never,778-581-5524,203882231-X
Desi,Smeeton,dsmeetonmv@theguardian.com,Male,Seldom,467-266-4891,947037437-1
Yvonne,Elsey,yelseymw@soundcloud.com,Female,Daily,361-459-1705,188595910-9
Mano,Holburn,mholburnmx@google.es,Male,Never,281-967-2051,155884299-3
Gerhard,McGloin,gmcgloinmy@chronoengine.com,Male,Once,278-685-3344,440540557-3
Myrah,Drable,mdrablemz@qq.com,Female,Often,291-964-1277,914049623-6
Wright,Caskey,wcaskeyn0@furl.net,Male,Weekly,398-504-3244,722055700-0
Tobias,Geist,tgeistn1@europa.eu,Male,Monthly,458-496-1874,262001235-X
Aubrey,Kelleway,akellewayn2@cnet.com,Male,Seldom,648-262-0895,679401731-8
Sloan,Sailes,ssailesn3@java.com,Male,Monthly,309-678-2761,806316955-7
Kaylyn,Digger,kdiggern4@ycombinator.com,Female,Weekly,552-383-1862,625893549-4
Spenser,Petyt,spetytn5@craigslist.org,Male,Seldom,445-205-6225,861352311-0
Claudelle,Buckston,cbuckstonn6@moonfruit.com,Female,Seldom,920-760-2617,464433011-6
Zared,Wilden,zwildenn7@cnet.com,Male,Weekly,909-249-2896,498412465-2
Gusella,Geaney,ggeaneyn8@cnn.com,Female,Once,841-436-5094,406530287-0
Blair,Cooke,bcooken9@domainmarket.com,Female,Never,885-922-5551,972584060-7
Hannah,Vernazza,hvernazzana@google.fr,Female,Monthly,710-276-3440,218399012-0
Boyd,Gretham,bgrethamnb@google.co.jp,Male,Often,640-993-5982,196380855-X
Marie-ann,Yuille,myuillenc@cnn.com,Female,Once,846-482-0500,115555166-4
Kissie,Mawby,kmawbynd@admin.ch,Female,Monthly,493-409-8691,830725129-X
Correy,Kepe,ckepene@fastcompany.com,Male,Often,993-575-1411,326479190-0
Mattie,Cutridge,mcutridgenf@bravesites.com,Female,Daily,926-543-5571,212205529-4
Bevon,Keyzor,bkeyzorng@wsj.com,Male,Once,115-604-7339,967212276-4
Zebedee,Pelos,zpelosnh@netvibes.com,Male,Never,687-148-0567,877166924-8
Madelaine,Couch,mcouchni@census.gov,Female,Yearly,186-841-4140,076138081-7
Boyd,Lefeuvre,blefeuvrenj@webeden.co.uk,Male,Yearly,874-177-7799,816225179-0
Jessika,Halls,jhallsnk@hud.gov,Female,Often,402-428-4521,030859210-7
Janel,Brooksby,jbrooksbynl@engadget.com,Female,Monthly,835-855-0630,739456178-X
Chrisy,Menichi,cmenichinm@smugmug.com,Male,Once,774-625-5639,119320775-4
Gertruda,Tilliards,gtilliardsnn@dion.ne.jp,Female,Daily,619-165-8082,411642372-6
Judd,Hammerton,jhammertonno@google.ru,Male,Daily,804-175-2979,725933810-5
Britt,Kleszinski,bkleszinskinp@taobao.com,Male,Yearly,427-449-3421,369568759-2
Kori,Edgeler,kedgelernq@yelp.com,Female,Daily,355-759-6913,432648146-3
Rhodie,Firmin,rfirminnr@sciencedaily.com,Female,Once,818-320-9072,800988404-9
Rhea,Stemson,rstemsonns@dot.gov,Female,Often,649-431-8519,858468014-4
Bucky,Pawelski,bpawelskint@friendfeed.com,Male,Monthly,311-623-9593,459296351-2
Siusan,Extance,sextancenu@cbsnews.com,Female,Monthly,742-847-7347,723990483-0
Jefferson,Peepall,jpeepallnv@narod.ru,Male,Never,137-255-2434,882880883-7
Patience,Oblein,pobleinnw@reddit.com,Female,Seldom,161-484-7094,475405354-0
Aurthur,Moralas,amoralasnx@e-recht24.de,Male,Monthly,252-980-7938,763427549-2
Gustaf,Winson,gwinsonny@umn.edu,Male,Monthly,217-734-4522,214229778-1
Isahella,Bloan,ibloannz@mayoclinic.com,Female,Once,255-732-9642,339214451-7
Alon,Clementet,aclementeto0@drupal.org,Male,Often,443-579-7604,445757659-X
Beckie,Thonger,bthongero1@posterous.com,Female,Daily,288-132-2277,953783302-X
Jonathon,Plowell,jplowello2@spiegel.de,Male,Daily,886-590-8557,464044443-5
Rosco,Domenichelli,rdomenichellio3@ustream.tv,Male,Once,397-709-0922,248100611-9
Tamra,Dubois,tduboiso4@hp.com,Female,Seldom,806-626-8533,904533379-1
Rachel,Rendell,rrendello5@360.cn,Female,Weekly,139-445-3342,692007289-0
Winston,Rand,wrando6@columbia.edu,Male,Monthly,518-229-3712,650127453-2
Lilyan,Ropars,lroparso7@narod.ru,Female,Daily,490-166-6763,718693207-X
Shawn,Payle,spayleo8@networksolutions.com,Male,Yearly,609-136-5809,358361639-1
Dalton,Engelbrecht,dengelbrechto9@amazonaws.com,Male,Once,553-221-6755,996462665-7
Merola,Vanes,mvanesoa@boston.com,Female,Daily,703-782-1804,769074457-5
Adella,Racine,aracineob@nih.gov,Female,Never,252-232-8995,651487550-5
Izak,Whelpton,iwhelptonoc@kickstarter.com,Male,Once,900-541-5544,517611045-8
Leonore,Cardwell,lcardwellod@hc360.com,Female,Often,630-318-1529,776837020-1
Danell,Sydes,dsydesoe@jiathis.com,Female,Never,985-623-2075,866322958-5
Stearne,Greetland,sgreetlandof@biblegateway.com,Male,Daily,731-822-9992,368330599-1
Vassily,Pimblett,vpimblettog@macromedia.com,Male,Seldom,819-813-0824,819058698-X
Sonya,Renfrew,srenfrewoh@flavors.me,Female,Never,499-196-5787,490500251-6
Aldridge,Cristofol,acristofoloi@hexun.com,Male,Weekly,212-558-0346,597108018-0
Janeczka,Proughten,jproughtenoj@sina.com.cn,Female,Weekly,755-485-0262,142200604-2
Brion,Yeabsley,byeabsleyok@mapquest.com,Male,Often,337-841-3736,611283308-5
Godiva,Demangeot,gdemangeotol@miitbeian.gov.cn,Female,Weekly,857-404-6959,325277065-2
Andy,Bagger,abaggerom@uiuc.edu,Female,Yearly,513-146-4228,527113726-0
Garrek,Kimblin,gkimblinon@icq.com,Male,Weekly,658-349-1200,531151243-1
Scottie,Gozard,sgozardoo@angelfire.com,Male,Once,617-183-5819,896923993-6
Helge,Iacoviello,hiacovielloop@friendfeed.com,Female,Weekly,802-260-4886,065708288-0
Suzi,L'Episcopi,slepiscopioq@youtu.be,Female,Never,310-533-0156,783640142-1
Spense,Whiteway,swhitewayor@jugem.jp,Male,Once,904-168-8700,160565718-2
Allis,Cropp,acroppos@bloomberg.com,Female,Weekly,226-107-2309,598265911-8
Moina,Stranieri,mstranieriot@tuttocitta.it,Female,Weekly,505-696-4601,635374878-7
Meghan,Waterfield,mwaterfieldou@wikispaces.com,Female,Yearly,345-920-1830,113006268-6
Trip,Mahady,tmahadyov@nationalgeographic.com,Male,Yearly,864-136-9601,228746118-3
Dev,Leethem,dleethemow@constantcontact.com,Male,Seldom,621-492-8722,332979777-0
Farra,Oglethorpe,foglethorpeox@mozilla.com,Female,Yearly,947-997-8878,343485852-0
Verile,MacCallion,vmaccallionoy@so-net.ne.jp,Female,Monthly,549-831-9174,946421733-2
Francisca,Kirkam,fkirkamoz@businesswire.com,Female,Yearly,896-360-6671,212387778-6
Rhett,Santry,rsantryp0@mac.com,Male,Yearly,645-489-0615,952619059-9
Car,D'Hooge,cdhoogep1@cnet.com,Male,Once,287-136-8903,063543564-0
Konstanze,Reuben,kreubenp2@tumblr.com,Female,Yearly,264-774-9513,715366269-3
Evy,Legging,eleggingp3@shutterfly.com,Female,Yearly,518-658-5116,577047167-0
Milt,Antowski,mantowskip4@naver.com,Male,Yearly,434-244-4930,417351784-X
Martainn,Semiraz,msemirazp5@indiegogo.com,Male,Daily,603-100-3637,273978630-1
Valentine,Harriskine,vharriskinep6@state.tx.us,Female,Monthly,229-973-7245,621592636-1
Lottie,Riep,lriepp7@opensource.org,Female,Daily,738-397-3257,433270610-2
Billy,Neave,bneavep8@xing.com,Male,Daily,445-663-4057,395779231-2
Gweneth,Pariso,gparisop9@kickstarter.com,Female,Once,971-625-3649,706900339-0
Boniface,McLaughlin,bmclaughlinpa@furl.net,Male,Never,983-853-4908,027671968-9
Nicol,Perel,nperelpb@blogger.com,Male,Never,363-842-4052,283922264-7
Colly,Stockman,cstockmanpc@goo.ne.jp,Female,Monthly,225-189-2083,277458044-7
Alisha,Tomkowicz,atomkowiczpd@mayoclinic.com,Female,Yearly,608-903-9640,937059453-1
Cam,Tinklin,ctinklinpe@surveymonkey.com,Female,Often,701-624-2495,417561213-0
Stu,Harp,sharppf@fotki.com,Male,Once,758-913-0504,585083345-5
Katusha,Coneron,kconeronpg@networksolutions.com,Female,Daily,296-508-9315,433752381-2
Loria,Siggers,lsiggersph@chronoengine.com,Female,Weekly,543-221-6625,878520196-0
Jeddy,Schruur,jschruurpi@apache.org,Male,Never,932-651-5166,217410028-2
Alonso,Fermer,afermerpj@theguardian.com,Male,Weekly,403-883-2110,544644097-8
Freedman,Klossek,fklossekpk@deviantart.com,Male,Once,488-560-1406,783827090-1
Orelee,Ruperti,orupertipl@yale.edu,Female,Weekly,767-591-3775,312480923-8
Tally,Charte,tchartepm@hc360.com,Male,Daily,815-416-9587,644161279-8
Bord,Waterman,bwatermanpn@google.ca,Male,Often,510-608-1470,705071158-6
Vitia,Gurwood,vgurwoodpo@de.vu,Female,Weekly,180-750-2847,489981727-4
Any,Sarle,asarlepp@sina.com.cn,Male,Weekly,445-730-0468,151141030-2
Norrie,Sharville,nsharvillepq@dagondesign.com,Male,Seldom,867-632-7299,253188058-5
Ianthe,Corley,icorleypr@blog.com,Female,Weekly,365-527-3623,828365471-3
Joanna,Farrent,jfarrentps@parallels.com,Female,Yearly,666-692-4304,548497973-0
Gage,Katz,gkatzpt@usda.gov,Male,Seldom,729-530-6607,503670665-X
Amalle,Gumme,agummepu@xing.com,Female,Once,873-889-8457,415338668-5
Antonie,Van Leijs,avanleijspv@japanpost.jp,Female,Seldom,519-469-1907,976708917-9
Mariya,Kindleside,mkindlesidepw@shinystat.com,Female,Never,781-130-8198,081050596-7
Sandy,Arnet,sarnetpx@princeton.edu,Female,Never,298-490-7196,837261273-0
Koenraad,Earland,kearlandpy@bloglovin.com,Male,Yearly,105-143-9906,340855606-7
Robinet,Yves,ryvespz@google.com,Male,Seldom,607-651-2613,027240621-X
Minny,Larkings,mlarkingsq0@technorati.com,Female,Weekly,400-968-4797,071370846-8
Dareen,Pardal,dpardalq1@qq.com,Female,Often,759-516-1047,007848527-4
Bogey,Reville,brevilleq2@behance.net,Male,Monthly,714-111-8337,464187110-8
Tyne,Kyme,tkymeq3@bbc.co.uk,Female,Never,365-834-9516,770572894-X
Donovan,Pittway,dpittwayq4@joomla.org,Male,Never,108-773-1376,245190529-8
Tandi,Lambillion,tlambillionq5@slideshare.net,Female,Often,479-257-6543,072998360-9
Kristoforo,Tidy,ktidyq6@abc.net.au,Male,Never,343-943-2756,723824469-1
Petunia,Shoesmith,pshoesmithq7@digg.com,Female,Yearly,783-675-7135,207438643-5
Marya,Pigdon,mpigdonq8@nps.gov,Female,Often,904-194-4074,335960622-1
Denny,Sleite,dsleiteq9@google.ca,Male,Never,624-699-7321,702902905-4
Rebeca,Faragher,rfaragherqa@mediafire.com,Female,Seldom,768-756-0139,667821421-8
Travers,Nayer,tnayerqb@newsvine.com,Male,Daily,112-393-3759,653894491-4
Del,Dolligon,ddolligonqc@networksolutions.com,Male,Yearly,183-463-5249,498723180-8
Hetti,McFadden,hmcfaddenqd@wikia.com,Female,Seldom,140-482-4603,635602288-4
Dayle,Aldred,daldredqe@washington.edu,Female,Once,557-522-7040,132874715-8
Jyoti,Pechell,jpechellqf@bloomberg.com,Female,Once,441-631-6044,626853041-1
Christine,Rainger,craingerqg@people.com.cn,Female,Seldom,265-766-1777,102280861-3
Eduino,Cariss,ecarissqh@miibeian.gov.cn,Male,Never,377-407-1286,048038231-X
Wynne,Tyre,wtyreqi@bloomberg.com,Female,Yearly,129-749-0018,034870099-7
Charmain,Bredgeland,cbredgelandqj@sakura.ne.jp,Female,Daily,238-647-9991,106577679-9
Loralie,Buglass,lbuglassqk@umich.edu,Female,Often,915-950-3756,418287751-9
Norri,Penley,npenleyql@blinklist.com,Female,Daily,430-407-5048,369414342-4
Aldridge,Burns,aburnsqm@hibu.com,Male,Daily,931-379-2146,902181483-8
Alis,Wannell,awannellqn@yahoo.com,Female,Yearly,893-497-8154,063891917-7
Hettie,Nolli,hnolliqo@aboutads.info,Female,Never,494-747-3585,121156054-6
Alexei,Tanzig,atanzigqp@usatoday.com,Male,Once,431-784-9000,554769780-X
Marita,Leitche,mleitcheqq@blogs.com,Female,Often,297-605-6105,909653000-4
Bathsheba,Eskrigg,beskriggqr@sbwire.com,Female,Once,601-338-0156,305431210-0
Dolley,Lackinton,dlackintonqs@flickr.com,Female,Often,366-138-1599,589596808-2
Cornela,Naptin,cnaptinqt@blogger.com,Female,Never,968-170-8414,755596040-0
Sutherland,Lammertz,slammertzqu@reverbnation.com,Male,Often,623-240-8961,986797848-X
Milo,Amery,mameryqv@wp.com,Male,Once,180-406-9047,480911864-9
Loise,Dyers,ldyersqw@apache.org,Female,Once,694-587-6863,215324999-6
Codie,Pimlock,cpimlockqx@list-manage.com,Female,Yearly,547-395-7762,546121717-6
Cristen,Over,coverqy@tinyurl.com,Female,Never,499-796-9247,106941044-6
Ayn,Trematick,atrematickqz@wikia.com,Female,Yearly,137-920-5806,420898826-6
Moss,Skermer,mskermerr0@msu.edu,Male,Monthly,391-781-2400,252070301-6
Lucretia,Cane,lcaner1@netvibes.com,Female,Yearly,983-424-1384,734257997-1
Alva,Mozzi,amozzir2@cloudflare.com,Male,Weekly,665-696-8412,664652252-9
Malva,Whisson,mwhissonr3@about.me,Female,Weekly,880-848-2073,978151482-5
Giselle,Perrone,gperroner4@hubpages.com,Female,Weekly,870-987-8855,111760184-6
Inness,Whorlow,iwhorlowr5@umn.edu,Male,Yearly,453-901-0607,014262078-5
Woodie,Reihm,wreihmr6@gnu.org,Male,Monthly,689-342-3368,441526760-2
Byran,Kewish,bkewishr7@weibo.com,Male,Daily,579-708-5700,342335249-3
Eal,Loftie,eloftier8@cnet.com,Male,Daily,540-249-6025,733641764-7
Colby,Saphin,csaphinr9@telegraph.co.uk,Male,Seldom,988-255-8800,767195063-7
Clemens,Courteney,ccourteneyra@dedecms.com,Male,Once,679-555-1231,802316045-1
Finlay,Danson,fdansonrb@loc.gov,Male,Seldom,979-875-7392,774909483-0
Betteanne,Mattimoe,bmattimoerc@disqus.com,Female,Once,259-482-6952,147486188-1
Verna,Argrave,vargraverd@netvibes.com,Female,Yearly,452-995-4551,730035920-5
Angel,Beese,abeesere@google.com,Female,Yearly,728-408-3152,391541804-8
Faun,Embling,femblingrf@blinklist.com,Female,Often,638-237-4387,006959675-1
La verne,Turnbull,lturnbullrg@t-online.de,Female,Often,552-368-4657,456006965-4
Marthe,Sommerling,msommerlingrh@github.com,Female,Monthly,804-775-2570,995719974-9
Hershel,Moughton,hmoughtonri@example.com,Male,Once,570-236-9083,303774764-1
Juliet,Akast,jakastrj@slideshare.net,Female,Daily,355-735-7955,191534596-0
Albrecht,McRamsey,amcramseyrk@cnbc.com,Male,Monthly,409-134-4474,435170562-0
Sibeal,Probetts,sprobettsrl@vkontakte.ru,Female,Weekly,249-794-5293,698591000-9
Donnell,MacKibbon,dmackibbonrm@histats.com,Male,Monthly,216-726-0036,873682498-4
Winfield,Littledike,wlittledikern@nature.com,Male,Daily,523-483-2981,195500127-8
Laurene,Sennett,lsennettro@tripod.com,Female,Seldom,710-473-4370,060697567-5
Drusilla,Sapp,dsapprp@networksolutions.com,Female,Yearly,263-205-6180,253033108-1
Tessie,Foale,tfoalerq@earthlink.net,Female,Yearly,128-499-7213,423713651-5
Augusta,Baylay,abaylayrr@omniture.com,Female,Monthly,238-906-5475,543264431-2
